SampleID,Station,Station_alt,Year,Month,Day,Temp_C,Salinity_ppt,Silica,P,Ni_Nitrate,NH4,del_15N,del_13C,del_15N_zoo,del_13C_zoo,perC,perN,Cnratio,DOC,notes
SA990922-1,1,1,1999,9,11,,34.9,47.49,2.16,21.3,1.83,7.36,-22.51,,,7.15,0.68,10.52,,
SA990922-2,2,2,1999,9,11,,34.8,47.94,2.18,21.2,5.51,6.24,-22.02,,,4.94,0.77,,,
SA990922-3,3,3,1999,9,11,,33.7,49.25,1.69,11.5,5.59,7.36,-22.45,,,8.63,1.15,7.52,,
SA990922-4,4,4,1999,9,11,,30.9,51.47,0.93,4.2,1.24,8.02,-25.47,,,11.22,1.24,,,
SA990922-5,5,5,1999,9,11,,27.3,64.22,0.49,1.1,0.96,6.07,-25.84,,,6.36,0.66,,,
SA990922-6,6,6,1999,9,11,,25.1,55.59,0.35,1.1,5.6,6,-26.23,,,6.39,0.85,,,
SA990922-7,7,7,1999,9,11,,20.2,50.09,0.21,2.5,4.86,5.82,-26.3,,,9.05,0.75,,,
SA990922-8,8,8,1999,9,11,,0.3,56.06,0.4,11,2.4,2.18,-27.26,,,5.03,0.62,,,
SA990922-9,9,9,1999,9,11,,0.07,57.89,0.44,10.1,3.2,,,,,,,,,
SA990922-10,10,10,1999,9,11,,0.07,70.2,0.48,10.7,4.49,,,,,4.94,0.77,,,
SB991022-1,1,1,1999,10,22,,34.4,14.8,0.95,10.1,1.13,4.93,-19.46,,,9.25,1.77,5.23,,
SB991022-2,2,2,1999,10,22,,34.3,16.2,1.09,12.3,1.43,5.95,-19.19,,,7.62,1.45,5.25,,
SB991022-3,3,3,1999,10,22,,33.5,36.3,1.34,12,4.42,5.4,-22.95,,,7.55,0.94,8.01,,
SB991022-4,4,4,1999,10,22,,30.9,49.2,1.14,7.5,3.03,6.36,-24.96,,,11.14,1.24,8.97,,
SB991022-5,5,5,1999,10,22,,28.8,54.4,0.78,6.6,2.76,7.89,-24.42,,,9.8,1.4,7.01,,
SB991022-6,6,6,1999,10,22,,24.4,65.5,0.55,8.2,4.51,5.77,-25.69,,,16.22,0.97,16.7,,
SB991022-7,7,7,1999,10,22,,22.7,69.2,0.59,8.2,5.85,2.21,-27.17,,,10.28,0.75,13.69,,
SB991022-7.5,7.5,7.1,1999,10,22,,5,147.8,0.23,15.1,7.44,2.63,-27.31,,,4.91,0.61,8.05,0.35,
SB991022-8,8,8,1999,10,22,,0.9,169.1,0.31,12.6,5.32,2.06,-27.36,,,11.55,0.8,14.52,,
SB991022-9,9,9,1999,10,22,,0.07,178.4,0.42,8.1,2.1,3.19,-27,,,16.41,2.66,6.17,,
SB991022-10,10,10,1999,10,22,,0.07,181.3,0.52,9.1,2.2,,,,,,,,,
SC991221-1,1,1,1999,12,21,,23.7,56.6,0.82,22.8,2.33,,,,,,,,1.28,
SC991221-2,2,2,1999,12,21,,20.4,81.8,0.71,34.7,4.01,,,,,,,,1.68,
SC991221-3,3,3,1999,12,21,,12.6,131.4,0.57,55.3,3.04,,,,,,,,1.23,
SC991221-4,4,4,1999,12,21,,4.2,112,0.38,77.2,2.43,,,,,,,,1.55,
SC991221-5,5,5,1999,12,21,,0.3,85.3,0.38,88.1,1.39,,,,,,,,1.17,
SC991221-6,6,6,1999,12,21,,0.1,32,0.39,90.1,1.36,,,,,,,,1.73,
SC991221-7,7,7,1999,12,21,,0.07,44.7,0.31,91.1,0.45,,,,,,,,0.93,
SC991221-8,8,8,1999,12,21,,0.07,39.73,0.39,87.8,1.34,,,,,,,,1.01,
SC991221-9,9,9,1999,12,21,,0.06,46.88,0.33,96,1.62,,,,,,,,1.77,
SC991221-10,10,10,1999,12,21,,0.06,59.21,0.46,91.6,0.98,,,,,,,,1.4,
SD000222-1,1,1,2000,2,22,,31.6,25.36,0.54,7.8,1.34,6.09,-23.98,,,16.03,1.87,8.55,3.53,
SD000222-2,2,2,2000,2,22,,30,27.17,0.55,8.1,1.02,5.15,-24.58,,,13.36,1.28,10.46,2.55,
SD000222-3,3,3,2000,2,22,,28.2,40.25,0.52,13.3,1.75,6.45,-21.58,,,10.49,1.63,6.41,3.23,
SD000222-4,4,4,2000,2,22,,27.9,42.42,0.6,14,2.03,5.88,,,,,0.88,,2.18,
SD000222-5,5,5,2000,2,22,,6,173.84,0.39,66,1.93,5.88,,,,,0.88,,1.86,
SD000222-6,6,6,2000,2,22,,1.4,199.92,0.35,76.9,1.92,2.79,-27.07,,,14.4,0.87,16.56,1.18,
SD000222-7,7,7,2000,2,22,,1,198,0.35,83,1.3,2.3,-27.47,,,9.77,,,1.01,
SD000224-8,8,8,2000,2,22,,0.6,197.67,0.32,65,0.43,3.37,-27.47,,,6.67,0.67,,,
SD000224-9,9,9,2000,2,22,,0.07,201.04,0.33,76.7,0.44,4.66,-26.54,,,7.93,0.95,,,
SD000224-10,10,10,2000,2,22,,0.08,210.17,0.34,69.2,0.53,3.68,-26.47,,,11.26,1.54,7.33,1.22,
SE000323-1,1,1,2000,3,23,,33.2,7.03,0.42,2.8,0.96,,-22.89,,,5.85,,,0.84,
SE000323-2,2,2,2000,3,23,,31.1,11.3,0.45,5.5,2,8.06,-21.39,,,7.78,1.19,6.56,3.51,
SE000323-3,3,3,2000,3,23,,22.6,22.4,0.51,20.1,3.47,7.4,-22.65,,,12.11,1.55,7.79,2.23,
SE000323-4,4,4,2000,3,23,,13.3,147.7,0.47,39,3.73,6.12,-25.66,,,11.94,1.04,11.44,1.84,
SE000323-5,5,5,2000,3,23,,2.3,190.6,0.4,64.3,2.05,2.13,-27.23,,,17.94,0.9,,1.71,
SE000323-6,6,6,2000,3,23,,0.7,221.9,0.4,67.6,1.83,2.76,-26.85,,,34.07,2.17,15.7,1.51,
SE000323-7,7,7,2000,3,23,,0.98,222.4,0.36,71.5,1.6,1.54,-27.56,,,21.9,1.41,,0.98,
SE000323-8,8,8,2000,3,23,,0.06,216.6,0.28,65.1,0.39,1.51,-27.13,,,6.93,0.83,8.34,1.25,
SE000323-9,9,9,2000,3,23,,0.1,216.6,0.35,74.7,0.41,2.76,-26.34,,,8.62,1.23,6.99,1.79,
SE000323-10,10,10,2000,3,23,,0.08,,0.38,73.7,0.45,3.87,,,,,0.86,,1.35,
SF000329-1,1,1,2000,3,39,,20.7,51.76,0.32,24.2,4.31,,,,,,,,,
SF000329-2,2,2,2000,3,39,,23.3,70.79,0.34,18.8,5.99,,,,,,,,,
SG000420-1,1,1,2000,4,20,,32.2,13.91,0.17,0.2,0.37,9.84,-22.78,12.72,-19.31,7.77,1.24,6.25,1.37,
SG000420-2,2,2,2000,4,20,,32.2,14.26,0.14,0.2,0.27,9.4,-22.26,,,5.27,0.75,,1.42,
SG000420-3,3,3,2000,4,20,,29.6,29.7,0.35,2.7,1.55,6.73,-24.19,,,10.02,1.18,8.48,1.13,
SG000420-4,4,4,2000,4,20,,23.1,64.04,0.44,8.9,1.16,7.61,-25.12,,,9.29,0.98,9.46,1.31,
SG000420-5,5,5,2000,4,20,,16.1,103.3,0.41,17.3,0.74,4.89,-26.23,,,15.11,1.67,9.05,1.65,
SG000420-6,6,6,2000,4,20,,10.2,133.82,0.31,25.5,0.48,4.19,-24.7,,,15.06,1.86,8.09,2.04,
SG000420-7,7,7,2000,4,20,,2.4,176.29,0.32,41,0.32,3.62,-26.7,,,11.46,0.91,12.62,2.35,
SG000420-8,8,8,2000,4,20,,0.07,176.07,0.28,44.7,1.18,3.72,-26.56,,,8.44,1.2,7.01,1.52,
SG000420-9,9,9,2000,4,20,,0.07,195.37,0.35,52.8,1.26,3.15,-26.35,,,13.61,2.14,6.36,1.53,
SG000420-10,10,10,2000,4,20,,0.07,,,,,6.95,-26.31,,,8.03,1.05,7.61,,
SH000526 0,0,0,2000,5,26,,32,,,,,6.75,-22.4,,,8.95,1.81,,,
SH000526-1,1,1,2000,5,26,,30.1,42.79,0.97,11.9,1.02,7.63,-22.08,,,13.94,2.49,5.59,1.24,
SH000526-2,2,2,2000,5,26,,27.6,48.43,0.66,11.8,1.19,6.47,-22.33,,,14.86,2.26,6.58,1.14,
SH000526-3,3,3,2000,5,26,,20.4,58.97,0.47,15.3,0.97,,-22.42,,,8.95,,,1.75,
SH000526-4,4,4,2000,5,26,,18.8,45.05,0.39,18.5,0.46,6.3,-20.21,,,8.75,6.24,,1.5,
SH000526-5,5,5,2000,5,26,,8.1,44.77,0.32,36.9,1.77,,-26.52,12.05,-26.61,39.35,,,1.7,
SH000526-6,6,6,2000,5,26,,0.1,39.6,0.28,40.7,1.5,4.51,-26.79,,,15.4,1.26,,1.78,
SH000526-7,7,7,2000,5,26,,0.07,30.88,0.32,53.4,1.23,2.6,-27.31,,,12.91,0.97,,1.63,
SH000526-8,8,8,2000,5,26,,0.06,,,,,1.78,-26.85,,,13.18,0.92,,1.52,
SH000526-9,9,9,2000,5,26,,0.06,43.76,0.35,57.5,0.93,2.98,-32.65,,,16.97,1.89,,1.11,
SH000526-10,10,10,2000,5,26,,0.06,33.87,0.39,51.5,1.12,2.76,-27.3,,,14.1,1.63,,2.76,
POSS000625,0,0,2000,6,28,9.7,34.4,55.2,2.1,32.1,1.33,1.8,-23.38,,,7.39,,,,
SI000628-1,1,1,2000,6,28,11.5,33.2,48.6,1.65,23.4,0.97,8.47,-21.08,,,23.69,3.65,,,
SI000628-2,2,2,2000,6,28,12,33.6,50.8,1.67,22.8,0.77,,-21.08,,-22.05,7.29,39.56,,,
SI000628-3,3,3,2000,6,28,15.1,30.7,59.4,1.03,11.1,0.72,5.69,-24.01,,,12.66,1.07,,,
SI000628-4,4,4,2000,6,28,19,23.8,71.1,0.27,0.1,0.42,7.23,-25.17,,,39.9,4.65,,,
SI000628-5,5,5,2000,6,28,20.8,18.5,80.6,0.2,3.8,1.3,5.48,-25.49,,,33.38,4.01,,,
SI000628-6,6,6,2000,6,28,22.6,11.1,99.6,0.14,9.6,0.85,3,-23.64,,,11.79,2,,,
SI000628 7,7,7,2000,6,28,21.4,0.8,169.4,0.33,48.4,1.99,1.79,-27.4,,,15.1,0.91,,,
SI000628-8,8,8,2000,6,28,21,0.07,186,,,,,-27.15,,,8.18,,,,
SI000628-9,9,9,2000,6,28,19,0.06,206,,,,,-26.23,,,13.22,,,,
SI000628-10,10,10,2000,6,28,18.7,0.07,216.9,0.33,42.1,1.6,,-27.92,,,12.64,,,,
SI000628-7.5,7.5,7.1,2000,6,28,21.5,4.1,,0.33,48.4,1.99,1.87,-25.96,,,6.86,1.04,,,
POSS000726,0,0,2000,7,26,11,34,10.1,,,,5.57,-20.36,12.16,,11.45,2.63,,,
SJ000726-1,1,1,2000,7,26,12.4,34,21,1.86,14,3.25,8.54,-19.59,,,15.87,3.43,,,
SJ000726-2,2,2,2000,7,26,13,33.8,20.8,1.32,12.1,4.03,8.71,-20.97,9.3,-20.2,33.54,5.69,,,
SJ000726-3,3,3,2000,7,26,14.9,32.1,22.2,1,6.8,3.42,6.13,-21.16,,,15.97,2.06,,,
SJ000726-4,4,4,2000,7,26,18.5,27.3,32.8,0.43,3.1,2.88,8.63,-26.9,,,18.93,3.45,,,
SJ000726-5,5,5,2000,7,26,20.9,19.8,32.4,0.03,0.8,0.05,7.92,-28.75,,,,5.5,,,
SJ000726-6,6,6,2000,7,26,21.5,15.6,41.7,0.07,4.2,0.75,7.05,-27.8,7.13,,36.29,5.01,,,
SJ000726-7,7,7,2000,7,26,21.8,5.1,83.3,0.28,25,0.98,5.37,-29.43, ,,20.75,3.43,,,
SJ000726-8,8,8,2000,7,26,19,0.07,154.9,0.17,20.8,0.43,1.19,-32.33,,,12.04,1.99,,,
SJ000726-9,9,9,2000,7,26,17.8,0.08,192.3,0.27,26.9,0.86,1.09,-29.68,,,14.33,2.53,,,
SJ000726-10,10,10,2000,7,26,17,0.07,208.3,0.34,24.2,1.75,0.23,-27.46,,,23.55,2.82,,,
POSS000828,0,0,2000,8,28,10.4,35.5,34.6,1.55,30,0.87,4.47,,,,,1.83,,,
SK000824-1,1,1,2000,8,28,10.6,33.4,36,1.57,19.2,1.22,9.34,-20.45,9.69,-19.14,20.56,2.84,,4.15,
SK000824-2,2,2,2000,8,28,11.4,33.4,33.7,2.54,19.8,3.72,6.74,-19.87,,,11.03,1.66,,0.54,
SK000824-3,3,3,2000,8,28,15.2,32,38.4,1.87,6.5,5.44,8.53,-20.48,,,9.62,2.41,,1.08,
SK000824-4,4,4,2000,8,28,18,28.4,47.1,1.08,4.4,3.09,8.96,,,,,2.29,,1.37,
SK000824-5,5,5,2000,8,28,19,24.5,51.7,0.74,5,3.18,9.99,-29.78,9.15,-26.82,42.3,5.48,42.31,1.59,
SK000824-6,6,6,2000,8,28,20.1,18.9,53.2,0.57,8.2,5.35,9.75,,,,,6.06,,1.72,
SK000824-7,7,7,2000,8,28,20.1,12.6,67.6,0.41,14.6,3.89,2.75,,,,,1.02,,2.21,
SK000824-8,8,8,2000,8,28,19.1,0.12,171.3,0.36,16.5,2.22,1.79,,,,,0.96,,3.48,
SK000824-9,9,9,2000,8,28,19.1,0.08,205,0.25,18.2,2.34,1.26,-27.72,,,21.36,2.92,,2.5,
SK000824-10,10,10,2000,8,28,17.4,0.08,211,0.37,19.5,3.29,2.41,-26.47,,,16.12,2.24,,2.84,
SK000824-7.5,7.5,7.1,2000,8,28,17.4,,123.2,0.33,22.3,3.07,,,,,,1.02,,2.82,
POSS000926,0,0,2000,9,26,,34.1,30,1.4,,0.52,3.78,,,,,,,,
SL000926-1,1,1,2000,9,26,,34.7,37,1.78,23.2,1.85,6.34,-21.77,,,13.46,0.45,,0.86,
SL000926-2,2,2,2000,9,26,,34.6,35.7,1.76,22.4,1.65,5.8,-23.34,9.84,,8.57,1.12,,0.85,
SL000926-3,3,3,2000,9,26,,34.2,41.4,1.86,22,2.9,6.36,-23.64,9.84,,10.63,1.11,,0.84,
SL000926-4,4,4,2000,9,26,,31.1,56.5,1.27,9.5,3.57,6.45,,,,,0.58,,1.22,
SL000926-5,5,5,2000,9,26,,29.6,60.8,1.02,7,2.67,10.33,-26.26,11.04,,16.71,3.43,,1.53,
SL000926-6,6,6,2000,9,26,,25.5,53.4,0.63,6.2,2.57,10.12,-27.27,,,21.02,3.63,,1.63,
SL000926-7,7,7,2000,9,26,, ,145,0.29,21.8,4.35,7.49,-27.3,,,15.7,1.89,,2.94,
SL000926-8,8,8,2000,9,26,,0.79,165,0.37,18.6,2.86,2.51,-27.15,,,5.5,0.55,,4.18,
SL000926-9,9,9,2000,9,26,,0.08,182,0.27,11.2,1.52,2.13,,,,,2.25,,3.55,
SL000926-10,10,10,2000,9,26,,0.08,198,0.36,10.4,1.99,,,,,,,,3.83,
SM001115-1,1,1,2000,11,15,,32.3,10.4,0.56,5.7,1.46,,,,,,,,0.96,
SM001115-2,2,2,2000,11,15,,32.6,12.8,0.6,5.7,2.01,6.91,-22.6,9.8,21.61,9.4,1.08,,0.98,
SM001115-3,3,3,2000,11,15,,31.9,21.4,0.73,6.7,3.72,5.91,-24.3,,-20.73,11.2,1.15,,0.99,
SM001115-4,4,4,2000,11,15,,28.1,50.3,0.88,10.8,5.8,,,8.65,,,,,1.19,
SM001115-5,5,5,2000,11,15,,23.7,74.6,0.79,14.6,6.05,5.49,-25.13,7.93,-26.4,14.03,1.55,,1.44,
SM001115-6,6,6,2000,11,15,,15.7,123,0.56,22.1,7.24,,-26.76,,,6.93,,,1.88,
SM001115-7,7,7,2000,11,15,,11.8,147,0.43,27,7.32,2.94,,,,,0.78,,2.44,
SM001115-8,8,8,2000,11,15,,0.13,86.2,0.24,46.3,2.8,2.61,-27.27,,,6.72,0.74,,4.01,
SM001115-9,9,9,2000,11,15,,0.09,155,0.28,54.9,1.45,2.75,,,,,3.41,,3.59,
SM001115-10,10,10,2000,11,15,,0.1,182,0.22,61,0.13,3,,,,,2.71,,5,
SN001221-1,1,1,2000,12,21,,30.6,27,0.59,10.1,2.76,,,,,,,,0.6,
SN001221-2,2,2,2000,12,21,,30.1,26,0.59,9.9,2.44,12.45,,,-21.61,,2.42,,0.4,
SN001221-3,3,3,2000,12,21,,26.6,50.5,0.63,17.2,3.93,,,,,,,,0.78,
SN001221-4,4,4,2000,12,21,,15.8,111,0.6,47.1,4.87,,,,,,,,1.14,
SN001221-5,5,5,2000,12,21,,10.1,95.2,0.44,71.1,4.34,,,,,,,,1.89,
SN001221-6,6,6,2000,12,21,,3,107,0.33,107,3.11,2.54,-26.96,,,8.13,0.87,,2.03,
SN001221-7,7,7,2000,12,21,,0.1,136,0.32,124,1.65,2.34,,,,,,,1.73,
SN001221-8,8,8,2000,12,21,,0.07,185,0.3,125,0.98,2.18,-27.44,,,,1.1,,2.25,
SN001221-9,9,9,2000,12,21,,0.07,180,0.31,114,0.92,2.26,-26.95,,,10.26,1.1,,,
SN001221-10,10,10,2000,12,21,,0.08,190,0.3,106,0.3,2.45,-27.24,,,8.94,1.1,,1.94,
SO010124-1,1,1,2001,1,24,,31.7,14.7,0.54,5,1.06,6.27,-24.34,,,16.74,0.74,,0.25,
SO010124-2,2,2,2001,1,24,,31.6,17.1,0.56,5.9,1.21,,,,,,,,0.23,
SO010124-3,3,3,2001,1,24,,29.8,31.2,0.64,10.2,2.64,8.1,,,,,1.04,,0.82,
SO010124-4,4,4,2001,1,24,,23,78,0.65,26.1,3.32,,,,,,,,1.04,
SO010124-5,5,5,2001,1,24,,12.6,144,0.5,51.3,3.13,6.26,-26.86,,,7.15,1.22,,1.28,
SO010124-6,6,6,2001,1,24,,5.5,195,0.39,67.4,2.72,,,,,,,,1.64,
SO010124-7,7,7,2001,1,24,,3.5,204,0.42,73.4,2.79,2.69,-26.86,,,,0.85,,1.09,
SO010124-8,8,8,2001,1,24,,0.07,192,0.32,84,1.25,2.29,-27.42,,,12.14,1.62,,4.1,
SO010124-9,9,9,2001,1,24,,0.07,210,0.26,86.6,0.59,3.27,,,,,2.55,,4.4,
SO010124-10,10,10,2001,1,24,,0.05,224,0.32,77.7,0.66,2.92,-26.24,,,,1.98,,2.24,
SQ0103222-1,1,1,2001,3,22,,33.2,5.4,0.42,2.4,1.1,,,,,,,,0.91,
SQ0103222-2,2,2,2001,3,22,,33,9.3,0.46,2.9,1.5,7.66,-18.87,9.62,,9.01,1.64,,0.87,
SQ0103222-3,3,3,2001,3,22,,28.7,36.6,0.44,7.8,2,7.26,-19,,,12.82,2.02,,1,
SQ0103222-4,4,4,2001,3,22,,15,122,0.26,34.9,1.13,7.03,-22.46,9.21,-27.37,4.29,1.95,,1.68,
SQ0103222-5,5,5,2001,3,22,,11,150,0.21,45.1,0.64,,,9.21,,,,,1.9,
SQ0103222-6,6,6,2001,3,22,,3.3,201,0.24,73.4,1.82,3.7,-27.36,9.21,,8.85,1.29,,2.5,
SQ0103222-7,7,7,2001,3,22,,0.13,215,0.21,106,1.29,2.13,-27.47,,,15.08,1.09,,4.7,
SQ0103222-8,8,8,2001,3,22,,0.07,166,0.17,95.3,1.08,2.35,-27.2,,,10.77,1.57,,1.71,
SQ0103222-9,9,9,2001,3,22,,0.07,197,0.25,97.5,0.96,2.72,-27.19,,,11.33,1.24,,2.45,
SQ0103222-10,10,10,2001,3,22,,0.07,192,0.37,89.9,0.93,2.24,-27.42,,,9.58,1.04,,1.53,
SR010419-1,1,1,2001,4,19,,29.6,15.9,0.35,2.8,1.53,,,,,,,,0.89,
SR010419-2,2,2,2001,4,19,,29.2,22.4,0.31,3.8,1.28,5.23,-21.5,,,12.39,2.46,,0.87,
SR010419-3,3,3,2001,4,19,,26.3,45.8,0.37,8.7,1.12,4.35,,,,,2.57,,1.14,
SR010419-4,4,4,2001,4,19,,17.5,102,0.24,24.2,0.18,2.51,-21.02,8.65,-25.28,9.92,2.66,,1.09,
SR010419-5,5,5,2001,4,19,,14.8,127,0.21,30.9,0.41,,-26.56,,,8.83,,,1.94,
SR010419-6,6,6,2001,4,19,,4.9,182,0.25,61.4,1.33,,,7.89,-28.3,,,,1.61,
SR010419-7,7,7,2001,4,19,,0.21,194,0.29,80.9,1.68,,,,,,,,2.09,
SR010419-8,8,8,2001,4,19,,0.07,200,0.27,75.8,2.02,2.23,-27.07,,,12.04,2.13,,2.71,
SR010419-9,9,9,2001,4,19,,0.07,220,0.25,77.4,1.78,2.57,-26.98,,,15.06,2.35,,1.25,
SR010419-10,10,10,2001,4,19,,0.07,227,0.29,70.8,1.51,2.75,-26.7,,,10.47,1.4,,1.32,
SS010522-0,0,0,2001,5,22,,34.8,24.5,1.12,13.4,2.25,5.76,,,,,2.05,,1.17,
SS010522-1,1,1,2001,5,22,,33.2,29.6,1.42,16.1,2.02,7.24,-19.85,,,7.44,1.93,,0.89,
SS010522-2,2,2,2001,5,22,,34.2,30.7,1.46,15.5,2.49,6.71,-20.14,9.47,-19.61,8.65,1.37,,0.94,
SS010522-3,3,3,2001,5,22,,31.4,40.6,1.17,11.4,3.36,5.72,-21.09,,,10.36,1.3,,1.04,
SS010522-4,4,4,2001,5,22,,17,80.9,0.6,12.1,0.55,6.33,-23.58,,,7.99,1.34,,1.58,
SS010522-5,5,5,2001,5,22,,16.1,115,0.41,18.5,0.24,5.55,-25.37,7.4,,9.65,1.85,,1.84,
SS010522-6,6,6,2001,5,22,,6.2,175,0.32,42.1,1,3.49,-26.56,,,7.57,0.98,,2.33,
SS010522-7,7,7,2001,5,22,,3.8,138,0.35,48.2,1.78,3.4,-26.77,,,12.55,0.92,,2.69,
SS010522-8,8,8,2001,5,22,,0.067,207,0.32,62.3,2.64,1.68,-27.24,,,11.46,1.7,,1.89,
SS010522-9,9,9,2001,5,22,,0.069,221,0.31,61.7,1.91,2.85,-26.59,,,13.7,2.25,,1.82,
ST010621 1,1,1,2001,6,21,,34,49.8,2.44,28.7,2.75,6.57,-20.63,9.21,-19.12,12.83,1.48,,,
ST010621 2,2,2,2001,6,21,,34.5,51.7,2.57,27.8,2.75,7.35,-20.86,9.38,-18.83,15.61,2.8,,,
ST010621 3,3,3,2001,6,21,,32.2,54,1.89,15.5,3.42,5.36,-23.19,,,13.9,2.22,,,
ST010621 4,4,4,2001,6,21,,26.5,63.9,1.05,3.4,0.48,6.69,-23.45,10.11,-25.37,13.86,2.34,,,
ST010621 5,5,5,2001,6,21,,20.6,73.9,0.74,0.1,0.32,8.21,-26.15,10.11,-25.37,33.26,5.87,,,
ST010621 6,6,6,2001,6,21,,13.1,89.3,0.38,1.9,0.49,3.46,-24.81,8.56,-25.09,14.86,2.45,,,
ST010621 7,7,7,2001,6,21,,4,137,0.4,25.3,1.94,6.12,-26.2,,,18.58,2.61,,,
ST010621 8,8,8,2001,6,21,,0.078,154,0.4,39,2.44,2.42,-27.73,,,8.78,1.26,,,
ST010621 9,9,9,2001,6,21,,0.074,200,0.38,39.9,2.32,2.97,-26.26,,,14.4,2.37,,,
SU010731 0,0,0,2001,7,31,,34.1,27.5,1.59,21.5,0.72,5.6,-20.8,,,7.02,1.39,,,
SU010731 1,1,1,2001,7,31,,34.1,34.2,3.1,24.6,3.99,9.71,-20.71,,,6.95,,,,
SU010731 2,2,2,2001,7,31,,34.2,31.9,2.15,22.9,3.13,9.15,,,,,0.63,,,
SU010731 3,3,3,2001,7,31,,32.8,34.1,1.46,11.4,5.53,5.74,-21.53,,,13.9,1.91,,,
SU010731 4,4,4,2001,7,31,,28.7,58.6,1.09,8.7,4.5,8.52,-26.45,8.71,,40.34,6.28,,,
SU010731 5,5,5,2001,7,31,,24,71.9,0.78,8.3,3.22,8.36,-28.13,8.81,-25.97,22.66,2.94,,,
SU010731 6,6,6,2001,7,31,,18.3,84.4,0.6,10.5,3.68,9.27,-29.05,,,40.47,5.25,,,
SU010731 7,7,7,2001,7,31,,4,74.3,0.37,13.3,3.77,2.89,-27.51,,,10.67,0.79,,,
SU010731 8,8,8,2001,7,31,,0.08,56.5,0.18,0.3,1.02,2.98,-27.22,,,15,2.2,,,
SU010731 9,9,9,2001,7,31,,0.08,176,0.39,20.5,2.24,3.75,-26.39,,,21.39,3.59,,,
SU010731 10,10,10,2001,7,31,,0.08,196,0.48,19.5,2.21,5.28,-24.97,,,22.53,4.58,,,
SV010821 0,0,0,2001,8,21,,35.4,10.3,1.56,18.7,2.31,5.83,-20.72, ,,7.09,1.62,,,
SV010821 1,1,1,2001,8,21,,34.5,9.1,1.35,14.6,1.63,7.82,-18.3,,,8.73,2.34,,,
SV010821 2,2,2,2001,8,21,,34.4,12.6,1.66,16,3.02,6.55,-19.11,10.14,,10.98,1.74,,,
SV010821 3,3,3,2001,8,21,,34,18.6,1.75,16.4,3.97,5.99,-21.17,,,7.07,0.85,,,
SV010821 4,4,4,2001,8,21,,30.7,46.3,1.77,10.5,7.62,,-22.93,,,4.68,,,,
SV010821 5,5,5,2001,8,21,,28,55.1,1.35,9.7,6.8,7.16,-24.85,8.29,-24.35,13.23,2.59,,,
SV010821 6,6,6,2001,8,21,,22.2,64.9,0.96,11.3,6.24,7.05,-26.39,,,13.36,1.72,,,
SV010821 7,7,7,2001,8,21,,3.5,69,0.48,17.5,6.09,5.74,-27.17,,,11.46,1.35,,,
SV010821 8,8,8,2001,8,21,,0.06,97.2,0.42,17.3,4.23,3.63,-26.7,,,7.88,1.19,,,
SV010821 9,9,9,2001,8,21,,0.08,189,0.37,15,1.53,2.95,-28.03,,,23.16,3.75,,,
SV010821 10,10,10,2001,8,21,,0.08,181,0.35,9.2,2.77,4.05,-25.46,,,17.3,3.24,,,
SV010821 6b,6b,6.1,2001,8,21,,,65.3,0.98,11.1,6.06,,,,,,,,,
SW010919 0,0,0,2001,9,19,,34.5,50.7,1.25,11.43,6.95,5.41,-20.5,,,6.1,0.99,,,
SW010919 1,1,1,2001,9,19,,34.5,47.9,2.54,24.9,4.52,7.48,-22.07,10.15,,10.6,1.64,,,
SW010919 2,2,2,2001,9,19,,34.2,47.6,2.64,24.7,3.75,6.54,-20.73,,-18.86,12.62,1.29,,,
SW010919 3,3,3,2001,9,19,,34.5,46.7,2.57,25.2,3.93,6.11,-22.71,9.75,-19,5.93,0.91,,,
SW010919 4,4,4,2001,9,19,,31.4,56.8,2.1,15.4,7.55,6.19,-22.03,,,5.89,0.94,,,
SW010919 5,5,5,2001,9,19,,24.4,51.8,1.28,10.9,7.26,3.61,-26.41,8.7,,9.85,0.54,,,
SW010919 6,6,6,2001,9,19,,23.5,42.2,1.49,11.2,7.57,3.15,-26.98,8.7,-26.05,8.71,0.55,,,
SW010919 7,7,7,2001,9,19,,4.9,68.4,0.4,29.4,5.73,2.07,-27.6,,,10.79,0.74,,,
SW010919 8,8,8,2001,9,19,,0.8,158,0.42,13.5,2.32,2.69,-27.48,,,5.24,0.61,,,
SW010919 9,9,9,2001,9,19,,0.1,177,0.46,10.8,2.52,4.03,-27.42,,,15.09,2.06,,,
SW010919 10,10,10,2001,9,19,,0.1,180,0.36,99.3,0.79,3.76,-26.65,,,17.32,1.54,,,
SW010919 5b,5b,5.1,2001,9,19,,26.5,57.3,1.47,10.9,7.81,3.61,-26.39,,,5,,,,
SX011217 0,0,0,2001,12,17,,16.1,30.37,1.37,10.41,1.87,6.27,,,,,0.9,,,
SX011217 1,1,1,2001,12,17,,16.6,103,0.85,51.96,3.55,7.61,,7.97,,,1.78,,,
SX011217 2,2,2,2001,12,17,,17,63.53,0.56,29.49,2.93,,,,,,,,,
SX011217 3,3,3,2001,12,17,,6,169,0.59,84.1,2.8,,-23.85,,,2.82,,,,
SX011217 4,4,4,2001,12,17,,1.1,157,0.47,95.6,1.8,,,,,,,,,
SX011217 5,5,5,2001,12,17,,0.1,62.34,0.44,101,1.7,,-27.07,,,11,,,,
SX011217 6,6,6,2001,12,17,,0.1,59.99,0.4,98.3,1.55,0.5,-28.08,,,22.2,1.11,,,
SX011217 7,7,7,2001,12,17,,0.1,41.01,0.35,99.5,1.08,0.37,-27.97,,,8.34,0.52,,,
SX011217 8,8,8,2001,12,17,,0.1,161,0.33,116,1,2.01,-27.18,,,3.9,0.32,,,
SX011217 9,9,9,2001,12,17,,0.1,163,0.35,109,0.85,2.47,-27.02,,,3.2,0.28,,,
SX011217 10,10,10,2001,12,17,,0.1,174,0.12,68.1,10.8,2.68,-26.81,,,2.89,0.24,,,
