date,flow,NO3-con,PNWL(b),daily-flux,NO3con-mod,pnwlb-flux,actual-flux
10/1/1998,0.424752699,,18.87,,18.87,24.5,24.5
10/2/1998,0.764554858,,30.51,,30.51,71.2,71.2
10/3/1998,1.16099071,,38.77,,38.77,137.4,137.4
10/4/1998,0.849505398,,32.59,,32.59,84.5,84.5
10/5/1998,0.736238011,,29.76,,29.76,66.9,66.9
10/6/1998,0.538020085,,23.55,,23.55,38.7,38.7
10/7/1998,0.481386392,,21.35,,21.35,31.4,31.4
10/8/1998,0.453069545,,20.15,,20.15,27.9,27.9
10/9/1998,0.651287472,,27.33,,27.33,54.3,54.3
10/10/1998,1.217624403,,39.72,,39.72,147.6,147.6
10/11/1998,1.07604017,,37.27,,37.27,122.4,122.4
10/12/1998,0.934455938,,34.48,,34.48,98.3,98.3
10/13/1998,1.500792869,,43.85,,43.85,200.9,200.9
10/14/1998,1.500792869,,43.85,,43.85,200.9,200.9
10/15/1998,1.444159176,,43.09,,43.09,189.9,189.9
10/16/1998,1.302574943,,41.05,,41.05,163.2,163.2
10/17/1998,1.019406477,,36.2,,36.2,112.6,112.6
10/18/1998,0.906139091,,33.87,,33.87,93.7,93.7
10/19/1998,0.792871705,,31.23,,31.23,75.6,75.6
10/20/1998,0.736238011,,29.76,,29.76,66.9,66.9
10/21/1998,0.707921165,,28.98,,28.98,62.6,62.6
10/22/1998,0.679604318,,28.18,,28.18,58.4,58.4
10/23/1998,0.651287472,,27.33,,27.33,54.3,54.3
10/24/1998,0.622970625,,26.45,,26.45,50.3,50.3
10/25/1998,0.679604318,,28.18,,28.18,58.4,58.4
10/26/1998,0.679604318,,28.18,,28.18,58.4,58.4
10/27/1998,0.736238011,,29.76,,29.76,66.9,66.9
10/28/1998,0.962772784,,35.07,,35.07,103,103
10/29/1998,0.962772784,,35.07,,35.07,103,103
10/30/1998,0.821188551,,31.92,,31.92,80,80
10/31/1998,0.792871705,,31.23,,31.23,75.6,75.6
11/1/1998,0.991089631,,35.64,,35.64,107.8,107.8
11/2/1998,1.132673864,,38.29,,38.29,132.4,132.4
11/3/1998,1.132673864,,38.29,,38.29,132.4,132.4
11/4/1998,1.783961335,,47.28,,47.28,257.4,257.4
11/5/1998,3.624556364,,61.3,,61.3,678.2,678.2
11/6/1998,3.794457443,,62.21,,62.21,720.5,720.5
11/7/1998,3.341387898,,59.69,,59.69,608.8,608.8
11/8/1998,2.916635199,,57,,57,507.4,507.4
11/9/1998,2.690100426,,55.4,,55.4,454.9,454.9
11/10/1998,2.690100426,,55.4,,55.4,454.9,454.9
11/11/1998,2.860001506,,56.62,,56.62,494.2,494.2
11/12/1998,2.435248807,,53.43,,53.43,397.2,397.2
11/13/1998,2.095446648,,50.46,,50.46,322.7,322.7
11/14/1998,1.868911875,,48.2,,48.2,274.9,274.9
11/15/1998,2.520199347,,54.11,,54.11,416.2,416.2
11/16/1998,3.596239517,,61.15,,61.15,671.2,671.2
11/17/1998,3.171486818,,58.66,,58.66,567.8,567.8
11/18/1998,3.001585739,,57.57,,57.57,527.4,527.4
11/19/1998,2.916635199,,57,,57,507.4,507.4
11/20/1998,7.334063267,,75.25,,75.25,1684.5,1684.5
11/21/1998,29.44952046,,102.76,,102.76,9236.6,9236.6
11/22/1998,16.82020688,,91.68,,91.68,4706.5,4706.5
11/23/1998,13.50713582,,87.34,,87.34,3600.5,3600.5
11/24/1998,14.61149284,,88.89,,88.89,3964.2,3964.2
11/25/1998,46.72279688,,111.9,,111.9,15956.7,15956.7
11/26/1998,90.61390909,,125.01,,125.01,34571.6,34571.6
11/27/1998,44.74061762,,111.04,,111.04,15162.6,15162.6
11/28/1998,30.58219432,,103.51,,103.51,9661.5,9661.5
11/29/1998,27.94872759,,101.73,,101.73,8677.6,8677.6
11/30/1998,33.41387898,,105.26,,105.26,10734.8,10734.8
12/1/1998,39.92675369,,108.79,,108.79,13256.7,13256.7
12/2/1998,60.03171478,,116.86,,116.86,21410.8,21410.8
12/3/1998,39.64358523,,108.65,,108.65,13145.6,13145.6
12/4/1998,25.48516193,,99.9,,99.9,7770.6,7770.6
12/5/1998,19.82179261,,94.93,,94.93,5742.9,5742.9
12/6/1998,18.40595028,,93.46,,93.46,5250.3,5250.3
12/7/1998,16.99010796,,91.88,,91.88,4764.3,4764.3
12/8/1998,22.65347727,,97.57,,97.57,6746.1,6746.1
12/9/1998,19.82179261,,94.93,,94.93,5742.9,5742.9
12/10/1998,16.99010796,,91.88,,91.88,4764.3,4764.3
12/11/1998,26.90100426,,100.97,,100.97,8290.2,8290.2
12/12/1998,30.29902585,,103.33,,103.33,9555,9555
12/13/1998,28.31684659,,101.99,,101.99,8814.2,8814.2
12/14/1998,25.48516193,,99.9,,99.9,7770.6,7770.6
12/15/1998,19.82179261,,94.93,,94.93,5742.9,5742.9
12/16/1998,16.99010796,,91.88,,91.88,4764.3,4764.3
12/17/1998,14.1584233,,88.27,,88.27,3814.4,3814.4
12/18/1998,11.89307557,,84.82,,84.82,3078.8,3078.8
12/19/1998,10.47723324,,82.31,,82.31,2632.1,2632.1
12/20/1998,9.344559375,,80.05,,80.05,2282.9,2282.9
12/21/1998,8.495053978,,78.16,,78.16,2026.5,2026.5
12/22/1998,7.928717046,,76.8,,76.8,1858.4,1858.4
12/23/1998,7.362380114,,75.33,,75.33,1692.7,1692.7
12/24/1998,7.079211648,,74.55,,74.55,1610.8,1610.8
12/25/1998,11.6099071,,84.34,,84.34,2988.6,2988.6
12/26/1998,17.16000903,,92.07,,92.07,4822.3,4822.3
12/27/1998,21.32258548,,96.37,,96.37,6271.8,6271.8
12/28/1998,104.2059955,,127.77,,127.77,40637,40637
12/29/1998,98.54262614,,126.67,,126.67,38095.9,38095.9
12/30/1998,56.35052472,,115.61,,115.61,19882.5,19882.5
12/31/1998,41.34259602,,109.48,,109.48,13813.8,13813.8
1/1/1999,30.86536279,,103.69,,103.69,9768.2,9768.2
1/2/1999,23.87110168,,98.61,,98.61,7184.1,7184.1
1/3/1999,18.23604921,,93.28,,93.28,5191.7,5191.7
1/4/1999,14.04515591,,88.11,,88.11,3777,3777
1/5/1999,11.29842179,,83.8,,83.8,2889.9,2889.9
1/6/1999,9.486143608,,80.34,,80.34,2326.2,2326.2
1/7/1999,8.381786591,,77.89,,77.89,1992.7,1992.7
1/8/1999,7.079211648,,74.55,,74.55,1610.8,1610.8
1/9/1999,6.22970625,,72.02,,72.02,1369.4,1369.4
1/10/1999,5.606735625,,69.94,,69.94,1196.8,1196.8
1/11/1999,5.436834546,,69.33,,69.33,1150.4,1150.4
1/12/1999,5.493468239,,69.53,,69.53,1165.8,1165.8
1/13/1999,5.012081847,,67.72,,67.72,1035.9,1035.9
1/14/1999,6.994261108,,74.31,,74.31,1586.4,1586.4
1/15/1999,23.21981421,,98.06,,98.06,6949.3,6949.3
1/16/1999,26.10813256,,100.38,,100.38,7998.7,7998.7
1/17/1999,34.82972131,,106.08,,106.08,11277,11277
1/18/1999,58.04953551,,116.19,,116.19,20586.1,20586.1
1/19/1999,41.05942756,,109.34,,109.34,13702.1,13702.1
1/20/1999,38.2277429,,107.93,,107.93,12592.1,12592.1
1/21/1999,58.04953551,,116.19,,116.19,20586.1,20586.1
1/22/1999,49.55448154,,113.06,,113.06,17099.9,17099.9
1/23/1999,49.83765,,113.17,,113.17,17214.8,17214.8
1/24/1999,39.0772483,,108.36,,108.36,12923.8,12923.8
1/25/1999,27.15585588,,101.16,,101.16,8384.2,8384.2
1/26/1999,20.33149585,,95.43,,95.43,5921.8,5921.8
1/27/1999,17.61307858,,92.59,,92.59,4977.3,4977.3
1/28/1999,20.27486216,,95.38,,95.38,5901.9,5901.9
1/29/1999,24.26753753,,98.93,,98.93,7327.6,7327.6
1/30/1999,29.16635199,,102.57,,102.57,9130.7,9130.7
1/31/1999,29.16635199,,102.57,,102.57,9130.7,9130.7
2/1/1999,24.43743861,,99.07,,99.07,7389.2,7389.2
2/2/1999,27.86377705,,101.67,,101.67,8646.1,8646.1
2/3/1999,31.99803665,,104.41,,104.41,10196.3,10196.3
2/4/1999,29.73268892,,102.95,,102.95,9342.6,9342.6
2/5/1999,29.16635199,,102.57,,102.57,9130.7,9130.7
2/6/1999,37.94457443,,107.78,,107.78,12481.8,12481.8
2/7/1999,50.12081847,,113.29,,113.29,17329.7,17329.7
2/8/1999,42.75843835,,110.14,,110.14,14373.8,14373.8
2/9/1999,37.3782375,,107.48,,107.48,12261.6,12261.6
2/10/1999,32.28120511,,104.58,,104.58,10303.7,10303.7
2/11/1999,27.21248957,,101.2,,101.2,8405.1,8405.1
2/12/1999,24.35248807,,99,,99,7358.4,7358.4
2/13/1999,21.80397188,,96.81,,96.81,6442.7,6442.7
2/14/1999,19.42535676,,94.53,,94.53,5604.4,5604.4
2/15/1999,17.69802912,,92.69,,92.69,5006.5,5006.5
2/16/1999,16.93347426,,91.81,,91.81,4745,4745
2/17/1999,18.60416821,,93.67,,93.67,5318.9,5318.9
2/18/1999,28.03367813,,101.79,,101.79,8709.1,8709.1
2/19/1999,47.57230227,,112.25,,112.25,16298.6,16298.6
2/20/1999,36.81190057,,107.18,,107.18,12041.9,12041.9
2/21/1999,28.88318352,,102.38,,102.38,9025.1,9025.1
2/22/1999,31.43169972,,104.05,,104.05,9981.9,9981.9
2/23/1999,56.91686165,,115.8,,115.8,20116.7,20116.7
2/24/1999,75.32281193,,121.35,,121.35,27896.8,27896.8
2/25/1999,70.79211648,,120.12,,120.12,25953.5,25953.5
2/26/1999,62.01389404,,117.5,,117.5,22239.4,22239.4
2/27/1999,69.37627415,,119.72,,119.72,25349.8,25349.8
2/28/1999,72.77429574,,120.67,,120.67,26801.6,26801.6
3/1/1999,44.17428068,,110.79,,110.79,14936.7,14936.7
3/2/1999,31.43169972,,104.05,,104.05,9981.9,9981.9
3/3/1999,26.95763796,,101.01,,101.01,8311.1,8311.1
3/4/1999,27.75050966,,101.59,,101.59,8604.1,8604.1
3/5/1999,28.88318352,,102.38,,102.38,9025.1,9025.1
3/6/1999,23.50298267,,98.3,,98.3,7051.3,7051.3
3/7/1999,18.20773236,,93.25,,93.25,5181.9,5181.9
3/8/1999,14.83802761,,89.2,,89.2,4039.5,4039.5
3/9/1999,12.65763043,,86.05,,86.05,3324.4,3324.4
3/10/1999,10.98693648,,83.25,,83.25,2791.6,2791.6
3/11/1999,9.627727841,,80.64,,80.64,2369.5,2369.5
3/12/1999,9.401193069,,80.17,,80.17,2300.2,2300.2
3/13/1999,11.89307557,,84.82,,84.82,3078.8,3078.8
3/14/1999,12.77089781,,86.23,,86.23,3361,3361
3/15/1999,12.00634296,,85.01,,85.01,3115,3115
3/16/1999,10.8170354,,82.94,,82.94,2738.3,2738.3
3/17/1999,9.542777302,,80.46,,80.46,2343.5,2343.5
3/18/1999,8.608321364,,78.42,,78.42,2060.4,2060.4
3/19/1999,7.503964347,,75.71,,75.71,1733.9,1733.9
3/20/1999,6.739409489,,73.58,,73.58,1513.5,1513.5
3/21/1999,6.116438864,,71.66,,71.66,1337.7,1337.7
3/22/1999,5.606735625,,69.94,,69.94,1196.8,1196.8
3/23/1999,5.210299773,,68.49,,68.49,1089.1,1089.1
3/24/1999,5.23861662,,68.59,,68.59,1096.7,1096.7
3/25/1999,4.870497614,,67.15,,67.15,998.2,998.2
3/26/1999,4.813863921,,66.92,,66.92,983.2,983.2
3/27/1999,5.804953551,,70.62,,70.62,1251.3,1251.3
3/28/1999,7.135845341,,74.71,,74.71,1627.1,1627.1
3/29/1999,21.49248656,,96.53,,96.53,6332,6332
3/30/1999,28.31684659,,101.99,,101.99,8814.2,8814.2
3/31/1999,24.29585438,,98.96,,98.96,7337.9,7337.9
4/1/1999,19.05723776,,94.15,,94.15,5476.1,5476.1
4/2/1999,14.72476023,,89.05,,89.05,4001.8,4001.8
4/3/1999,12.31782827,,85.51,,85.51,3214.9,3214.9
4/4/1999,10.50555009,,82.36,,82.36,2640.9,2640.9
4/5/1999,9.372876222,,80.11,,80.11,2291.6,2291.6
4/6/1999,8.296836051,,77.69,,77.69,1967.4,1967.4
4/7/1999,7.503964347,,75.71,,75.71,1733.9,1733.9
4/8/1999,7.164162188,,74.79,,74.79,1635.3,1635.3
4/9/1999,6.39960733,,72.55,,72.55,1417.1,1417.1
4/10/1999,6.116438864,,71.66,,71.66,1337.7,1337.7
4/11/1999,5.606735625,,69.94,,69.94,1196.8,1196.8
4/12/1999,5.15366608,,68.27,,68.27,1073.8,1073.8
4/13/1999,4.842180767,,67.04,,67.04,990.7,990.7
4/14/1999,4.502378608,,65.6,,65.6,901.4,901.4
4/15/1999,4.247526989,,64.44,,64.44,835.4,835.4
4/16/1999,3.992675369,,63.22,,63.22,770.4,770.4
4/17/1999,3.73782375,,61.91,,61.91,706.3,706.3
4/18/1999,3.511288977,,60.68,,60.68,650.2,650.2
4/19/1999,3.341387898,,59.69,,59.69,608.8,608.8
4/20/1999,3.228120511,,59.01,,59.01,581.4,581.4
4/21/1999,3.029902585,,57.76,,57.76,534.1,534.1
4/22/1999,2.888318352,,56.81,,56.81,500.8,500.8
4/23/1999,2.775050966,,56.02,,56.02,474.5,474.5
4/24/1999,2.66178358,,55.19,,55.19,448.4,448.4
4/25/1999,2.548516193,,54.33,,54.33,422.6,422.6
4/26/1999,2.435248807,,53.43,,53.43,397.2,397.2
4/27/1999,2.718417273,,55.61,,55.61,461.4,461.4
4/28/1999,2.463565654,,53.66,,53.66,403.5,403.5
4/29/1999,2.237030881,,51.75,,51.75,353.4,353.4
4/30/1999,2.123763494,,50.73,,50.73,328.8,328.8
5/1/1999,2.237030881,,51.75,,51.75,353.4,353.4
5/2/1999,3.879407983,,62.65,,62.65,741.8,741.8
5/3/1999,8.863172983,,79,,79,2137,2137
5/4/1999,11.04357017,,83.35,,83.35,2809.5,2809.5
5/5/1999,10.42059955,,82.2,,82.2,2614.4,2614.4
5/6/1999,8.523370824,,78.23,,78.23,2035,2035
5/7/1999,8.155251818,,77.35,,77.35,1925.3,1925.3
5/8/1999,8.495053978,,78.16,,78.16,2026.5,2026.5
5/9/1999,7.985350739,,76.94,,76.94,1875.1,1875.1
5/10/1999,7.249112728,,75.02,,75.02,1659.8,1659.8
5/11/1999,6.739409489,,73.58,,73.58,1513.5,1513.5
5/12/1999,6.258023097,,72.11,,72.11,1377.3,1377.3
5/13/1999,5.691686165,,70.23,,70.23,1220.1,1220.1
5/14/1999,5.663369318,,70.14,,70.14,1212.3,1212.3
5/15/1999,5.408517699,,69.23,,69.23,1142.7,1142.7
5/16/1999,5.097032387,,68.05,,68.05,1058.6,1058.6
5/17/1999,6.031488324,,71.38,,71.38,1314,1314
5/18/1999,7.588914887,,75.93,,75.93,1758.6,1758.6
5/19/1999,7.73049912,,76.29,,76.29,1800.1,1800.1
5/20/1999,7.050894801,,74.47,,74.47,1602.6,1602.6
5/21/1999,6.258023097,,72.11,,72.11,1377.3,1377.3
5/22/1999,5.493468239,,69.53,,69.53,1165.8,1165.8
5/23/1999,4.89881446,,67.27,,67.27,1005.7,1005.7
5/24/1999,4.417428068,,65.22,,65.22,879.3,879.3
5/25/1999,4.077625909,,63.64,,63.64,792,792
5/26/1999,3.709506904,,61.76,,61.76,699.3,699.3
5/27/1999,3.426338438,,60.19,,60.19,629.4,629.4
5/28/1999,3.199803665,,58.84,,58.84,574.6,574.6
5/29/1999,3.001585739,,57.57,,57.57,527.4,527.4
5/30/1999,2.803367813,,56.22,,56.22,481,481
5/31/1999,2.66178358,,55.19,,55.19,448.4,448.4
6/1/1999,2.633466733,,54.98,,54.98,441.9,441.9
6/2/1999,2.463565654,,53.66,,53.66,403.5,403.5
6/3/1999,2.293664574,,52.25,,52.25,365.8,365.8
6/4/1999,2.237030881,,51.75,,51.75,353.4,353.4
6/5/1999,2.265347727,,52,,52,359.5,359.5
6/6/1999,2.350298267,,52.73,,52.73,378.3,378.3
6/7/1999,2.208714034,,51.5,,51.5,347.2,347.2
6/8/1999,2.095446648,,50.46,,50.46,322.7,322.7
6/9/1999,2.010496108,,49.64,,49.64,304.6,304.6
6/10/1999,1.897228722,,48.49,,48.49,280.8,280.8
6/11/1999,1.783961335,,47.28,,47.28,257.4,257.4
6/12/1999,1.670693949,,45.98,,45.98,234.4,234.4
6/13/1999,1.614060256,,45.29,,45.29,223.1,223.1
6/14/1999,1.557426563,,44.59,,44.59,211.9,211.9
6/15/1999,1.500792869,,43.85,,43.85,200.9,200.9
6/16/1999,1.529109716,,44.22,,44.22,206.4,206.4
6/17/1999,1.444159176,,43.09,,43.09,189.9,189.9
6/18/1999,1.444159176,,43.09,,43.09,189.9,189.9
6/19/1999,1.41584233,,42.7,,42.7,184.5,184.5
6/20/1999,1.359208636,,41.89,,41.89,173.8,173.8
6/21/1999,1.500792869,,43.85,,43.85,200.9,200.9
6/22/1999,1.359208636,,41.89,,41.89,173.8,173.8
6/23/1999,1.274258097,,40.62,,40.62,158,158
6/24/1999,1.302574943,,41.05,,41.05,163.2,163.2
6/25/1999,1.585743409,,44.94,,44.94,217.5,217.5
6/26/1999,1.41584233,,42.7,,42.7,184.5,184.5
6/27/1999,1.274258097,,40.62,,40.62,158,158
6/28/1999,1.189307557,,39.25,,39.25,142.5,142.5
6/29/1999,1.16099071,,38.77,,38.77,137.4,137.4
6/30/1999,1.16099071,,38.77,,38.77,137.4,137.4
7/1/1999,1.189307557,,39.25,,39.25,142.5,142.5
7/2/1999,1.217624403,,39.72,,39.72,147.6,147.6
7/3/1999,1.189307557,,39.25,,39.25,142.5,142.5
7/4/1999,1.16099071,,38.77,,38.77,137.4,137.4
7/5/1999,1.104357017,,37.78,,37.78,127.4,127.4
7/6/1999,1.047723324,,36.74,,36.74,117.5,117.5
7/7/1999,1.07604017,,37.27,,37.27,122.4,122.4
7/8/1999,1.047723324,,36.74,,36.74,117.5,117.5
7/9/1999,0.991089631,,35.64,,35.64,107.8,107.8
7/10/1999,0.962772784,,35.07,,35.07,103,103
7/11/1999,0.934455938,,34.48,,34.48,98.3,98.3
7/12/1999,0.906139091,,33.87,,33.87,93.7,93.7
7/13/1999,0.877822244,,33.24,,33.24,89.1,89.1
7/14/1999,0.849505398,,32.59,,32.59,84.5,84.5
7/15/1999,0.849505398,,32.59,,32.59,84.5,84.5
7/16/1999,0.849505398,,32.59,,32.59,84.5,84.5
7/17/1999,0.849505398,,32.59,,32.59,84.5,84.5
7/18/1999,0.849505398,,32.59,,32.59,84.5,84.5
7/19/1999,0.821188551,,31.92,,31.92,80,80
7/20/1999,0.821188551,,31.92,,31.92,80,80
7/21/1999,0.849505398,,32.59,,32.59,84.5,84.5
7/22/1999,0.849505398,,32.59,,32.59,84.5,84.5
7/23/1999,0.792871705,,31.23,,31.23,75.6,75.6
7/24/1999,0.736238011,,29.76,,29.76,66.9,66.9
7/25/1999,0.764554858,,30.51,,30.51,71.2,71.2
7/26/1999,0.736238011,,29.76,,29.76,66.9,66.9
7/27/1999,0.707921165,,28.98,,28.98,62.6,62.6
7/28/1999,0.679604318,,28.18,,28.18,58.4,58.4
7/29/1999,0.679604318,,28.18,,28.18,58.4,58.4
7/30/1999,0.679604318,,28.18,,28.18,58.4,58.4
7/31/1999,0.651287472,,27.33,,27.33,54.3,54.3
8/1/1999,0.651287472,,27.33,,27.33,54.3,54.3
8/2/1999,0.651287472,,27.33,,27.33,54.3,54.3
8/3/1999,0.594653778,,25.53,,25.53,46.3,46.3
8/4/1999,0.594653778,,25.53,,25.53,46.3,46.3
8/5/1999,0.594653778,,25.53,,25.53,46.3,46.3
8/6/1999,0.594653778,,25.53,,25.53,46.3,46.3
8/7/1999,0.736238011,,29.76,,29.76,66.9,66.9
8/8/1999,0.877822244,,33.24,,33.24,89.1,89.1
8/9/1999,0.707921165,,28.98,,28.98,62.6,62.6
8/10/1999,0.622970625,,26.45,,26.45,50.3,50.3
8/11/1999,0.594653778,15.4224,25.53,27.99051069,15.4224,46.3,28
8/12/1999,0.594653778,16.9932,25.53,30.84139604,16.9932,46.3,30.8
8/13/1999,0.566336932,17.2788,24.57,29.86641793,17.2788,42.5,29.9
8/14/1999,0.566336932,17.6358,24.57,30.48349268,17.6358,42.5,30.5
8/15/1999,0.594653778,17.7072,25.53,32.13725301,17.7072,46.3,32.1
8/16/1999,0.566336932,17.7786,24.57,30.73032258,17.7786,42.5,30.7
8/17/1999,0.538020085,16.8504,23.55,27.66963182,16.8504,38.7,27.7
8/18/1999,0.538020085,16.6362,23.55,27.31789921,16.6362,38.7,27.3
8/19/1999,0.594653778,16.6362,25.53,30.19346755,16.6362,46.3,30.2
8/20/1999,0.566336932,16.2078,24.57,28.01519368,16.2078,42.5,28
8/21/1999,0.566336932,16.2792,24.57,28.13860863,16.2792,42.5,28.1
8/22/1999,0.538020085,15.9936,23.55,26.26270139,15.9936,38.7,26.3
8/23/1999,0.509703239,15.7794,22.48,24.54723358,15.7794,35,24.5
8/24/1999,0.481386392,15.9222,21.35,23.3933038,15.9222,31.4,23.4
8/25/1999,0.453069545,15.2082,20.15,21.0299075,15.2082,27.9,21
8/26/1999,0.453069545,15.6366,20.15,21.62229926,15.6366,27.9,21.6
8/27/1999,0.453069545,16.1364,20.15,22.31342298,16.1364,27.9,22.3
8/28/1999,0.424752699,15.8508,18.87,20.5485892,15.8508,24.5,20.5
8/29/1999,0.424752699,15.708,18.87,20.36346677,15.708,24.5,20.4
8/30/1999,0.453069545,15.708,20.15,21.72103122,15.708,27.9,21.7
8/31/1999,0.566336932,15.4938,24.57,26.78104418,15.4938,42.5,26.8
9/1/1999,0.651287472,15.4224,27.33,30.65627361,15.4224,54.3,30.7
9/2/1999,0.566336932,15.2796,24.57,26.41079933,15.2796,42.5,26.4
9/3/1999,0.424752699,14.4942,18.87,18.78992616,14.4942,24.5,18.8
9/4/1999,0.396435852,13.7802,17.51,16.67335976,13.7802,21.2,16.7
9/5/1999,0.396435852,12.7092,17.51,15.37750279,12.7092,21.2,15.4
9/6/1999,0.396435852,12.2808,17.51,14.85915999,12.2808,21.2,14.9
9/7/1999,0.396435852,11.8524,17.51,14.3408172,11.8524,21.2,14.3
9/8/1999,0.368119006,11.781,16.04,13.2362534,11.781,18,13.2
9/9/1999,0.311485313,,12.74,,12.74,12.1,12.1
9/10/1999,0.311485313,10.0674,12.74,9.570829382,10.0674,12.1,9.6
9/11/1999,0.311485313,10.0674,12.74,9.570829382,10.0674,12.1,9.6
9/12/1999,0.311485313,10.4244,12.74,9.910220495,10.4244,12.1,9.9
9/13/1999,0.311485313,10.9956,12.74,10.45324628,10.9956,12.1,10.5
9/14/1999,0.311485313,10.4244,12.74,9.910220495,10.4244,12.1,9.9
9/15/1999,0.311485313,9.9246,12.74,9.435072937,9.9246,12.1,9.4
9/16/1999,0.339802159,9.7104,14.46,10.07065993,9.7104,15,10.1
9/17/1999,0.339802159,9.2106,14.46,9.552317139,9.2106,15,9.6
9/18/1999,0.339802159,8.7108,14.46,9.033974349,8.7108,15,9
9/19/1999,0.339802159,8.4966,14.46,8.811827439,8.4966,15,8.8
9/20/1999,0.311485313,8.4966,12.74,8.077508485,8.4966,12.1,8.1
9/21/1999,0.311485313,8.7822,12.74,8.349021376,8.7822,12.1,8.3
9/22/1999,0.283168466,8.6394,10.85,7.466604482,8.6394,9.4,7.5
9/23/1999,0.283168466,8.925,10.85,7.713434383,8.925,9.4,7.7
9/24/1999,0.311485313,7.5684,12.74,7.195091592,7.5684,12.1,7.2
9/25/1999,0.311485313,7.7112,12.74,7.330848037,7.7112,12.1,7.3
9/26/1999,0.311485313,7.854,12.74,7.466604482,7.854,12.1,7.5
9/27/1999,0.339802159,8.211,14.46,8.515631558,8.211,15,8.5
9/28/1999,0.283168466,8.7822,10.85,7.590019432,8.7822,9.4,7.6
9/29/1999,0.257683304,9.4248,8.98,7.412301904,9.4248,7.1,7.4
9/30/1999,0.237861511,9.4248,7.4,6.842124835,9.4248,5.4,6.8
10/1/1999,0.24918825,9.5676,8.32,7.276545459,9.5676,6.3,7.3
10/2/1999,0.243524881,9.5676,7.87,7.111169426,9.5676,5.8,7.1
10/3/1999,0.229366457,9.7818,6.68,6.847678507,9.7818,4.7,6.8
10/4/1999,0.223703088,10.2102,6.19,6.971093458,10.2102,4.2,7
10/5/1999,0.235029827,10.71,7.16,7.682580645,10.71,5.1,7.7
10/6/1999,0.311485313,11.2098,12.74,10.65688094,11.2098,12.1,10.7
10/7/1999,0.368119006,11.9238,16.04,13.39669284,11.9238,18,13.4
10/8/1999,0.396435852,,17.51,,17.51,21.2,21.2
10/9/1999,0.424752699,,18.87,,18.87,24.5,24.5
10/10/1999,0.424752699,,18.87,,18.87,24.5,24.5
10/11/1999,0.339802159,,14.46,,14.46,15,15
10/12/1999,0.311485313,10.4244,12.74,9.910220495,10.4244,12.1,9.9
10/13/1999,0.283168466,9.996,10.85,8.639046508,9.996,9.4,8.6
10/14/1999,0.266178358,9.7104,9.63,7.888683612,9.7104,7.8,7.9
10/15/1999,0.263346673,9.7818,9.41,7.862149397,9.7818,7.6,7.9
10/16/1999,0.266178358,9.7818,9.63,7.946688638,9.7818,7.8,7.9
10/17/1999,0.252019935,9.996,8.54,7.688751393,9.996,6.6,7.7
10/18/1999,0.235029827,10.4958,7.16,7.528929032,10.4958,5.1,7.5
10/19/1999,0.243524881,11.067,7.87,8.225606426,11.067,5.8,8.2
10/20/1999,0.237861511,11.5668,7.4,8.397153206,11.5668,5.4,8.4
10/21/1999,0.229366457,12.2808,6.68,8.597085425,12.2808,4.7,8.6
10/22/1999,0.226534773,13.0662,6.43,9.033974349,13.0662,4.4,9
10/23/1999,0.237861511,13.7088,7.4,9.952181578,13.7088,5.4,10
10/24/1999,0.283168466,13.6374,10.85,11.78612774,13.6374,9.4,11.8
10/25/1999,0.453069545,14.0658,20.15,19.45019614,14.0658,27.9,19.5
10/26/1999,0.821188551,12.7092,31.92,31.85339863,12.7092,80,31.9
10/27/1999,1.07604017,13.7088,37.27,45.0217738,13.7088,122.4,45
10/28/1999,2.435248807,16.1364,53.43,119.9346485,16.1364,397.2,119.9
10/29/1999,1.585743409,22.0626,44.94,106.7786148,22.0626,217.5,106.8
10/30/1999,0.707921165,27.3462,28.98,59.08490737,27.3462,62.6,59.1
10/31/1999,0.679604318,31.059,28.18,64.42260396,31.059,58.4,64.4
11/1/1999,0.679604318,34.4862,28.18,71.53130509,34.4862,58.4,71.5
11/2/1999,0.481386392,40.1982,21.35,59.06022438,40.1982,31.4,59.1
11/3/1999,0.424752699,44.8392,18.87,58.12844151,44.8392,24.5,58.1
11/4/1999,0.453069545,47.838,20.15,66.15041327,47.838,27.9,66.2
11/5/1999,0.651287472,51.051,27.33,101.4779427,51.051,54.3,101.5
11/6/1999,2.463565654,56.4774,53.66,424.6523311,56.4774,403.5,424.7
11/7/1999,1.387525483,59.6904,42.3,252.7785008,59.6904,179.1,252.8
11/8/1999,1.07604017,58.9764,37.27,193.6874227,58.9764,122.4,193.7
11/9/1999,1.302574943,61.2612,41.05,243.5470626,61.2612,163.2,243.5
11/10/1999,4.247526989,67.1874,64.44,871.0010105,67.1874,835.4,871
11/11/1999,4.587329148,72.828,65.97,1019.654318,72.828,923.6,1019.7
11/12/1999,8.410103438,69.972,77.96,1796.057769,69.972,2001.1,1796.1
11/13/1999,11.21347125,71.757,83.65,2455.834092,71.757,2863,2455.8
11/14/1999,5.776636705,68.901,70.53,1214.773354,68.901,1243.5,1214.8
11/15/1999,3.766140597,63.6174,62.06,731.2520917,63.6174,713.4,731.3
11/16/1999,3.199803665,61.5468,58.84,601.0678316,61.5468,574.6,601.1
11/17/1999,2.916635199,63.0462,57,561.2233149,63.0462,507.4,561.2
11/18/1999,2.520199347,66.759,54.11,513.4987537,66.759,416.2,513.5
11/19/1999,2.548516193,70.329,54.33,547.0367664,70.329,422.6,547
11/20/1999,3.992675369,75.684,63.22,922.2799223,75.684,770.4,922.3
11/21/1999,6.626142103,81.753,73.24,1653.328379,81.753,1481.2,1653.3
11/22/1999,7.758815966,88.3218,76.37,2091.500818,88.3218,1808.4,2091.5
11/23/1999,7.277429574,90.6066,75.1,2012.484396,90.6066,1668,2012.5
11/24/1999,9.429509915,79.40567522,80.23,2285.258543,79.40567522,2308.9,2285.3
11/25/1999,62.01389404,116.6804239,117.5,22084.20031,116.6804239,22239.4,22084.2
11/26/1999,140.4515591,132.8588319,133.68,56952.35289,132.8588319,57303.9,56952.4
11/27/1999,46.15645994,110.8360108,111.66,15613.77998,110.8360108,15729.3,15613.8
11/28/1999,24.43743861,98.25114208,99.07,7328.042302,98.25114208,7389.2,7328
11/29/1999,16.19723625,90.11199599,90.93,4454.697342,90.11199599,4495.2,4454.7
11/30/1999,12.00634296,67,85.01,2455.162397,67,3115,2455.2
12/1/1999,9.627727841,60.69,80.64,1783.346029,60.69,2369.5,1783.3
12/2/1999,19.28377253,62.3322,94.38,3668.589612,62.3322,5555,3668.6
12/3/1999,21.66238764,68.0442,96.69,4498.752616,68.0442,6392.4,4498.8
12/4/1999,16.84852372,71.4714,91.71,3675.266361,71.4714,4716.1,3675.3
12/5/1999,13.70535375,71.1858,87.63,2977.681868,71.1858,3665.4,2977.7
12/6/1999,15.68753301,69.4722,90.3,3326.292077,69.4722,4323.5,3326.3
12/7/1999,32.56437358,73.3278,104.75,7287.961342,73.3278,10411.3,7288
12/8/1999,33.69704744,80.4678,105.43,8275.774603,80.4678,10843,8275.8
12/9/1999,25.71169671,82.11,100.08,6443.494546,82.11,7853.4,6443.5
12/10/1999,24.83387446,85.0374,99.39,6445.388965,85.0374,7533.2,6445.4
12/11/1999,26.5612021,87.5364,100.72,7096.285583,87.5364,8165.1,7096.3
12/12/1999,31.43169972,87.5364,104.05,8397.523451,87.5364,9981.9,8397.5
12/13/1999,37.3782375,90.8922,107.48,10369.07728,90.8922,12261.6,10369.1
12/14/1999,53.23567159,94.8906,114.48,15417.73606,94.8906,18600.6,15417.7
12/15/1999,70.50894801,102.102,120.04,21972.18064,102.102,25832.6,21972.2
12/16/1999,92.59608836,94.7478,125.43,26776.66295,94.7478,35448.9,26776.7
12/17/1999,70.50894801,90.2496,120.04,19421.56387,90.2496,25832.6,19421.6
12/18/1999,49.83765,89.0358,113.17,13543.06297,89.0358,17214.8,13543.1
12/19/1999,37.66140597,84.8232,107.63,9750.027889,84.8232,12371.6,9750
12/20/1999,30.58219432,82.9668,103.51,7744.04129,82.9668,9661.5,7744
12/21/1999,24.18258699,82.7526,98.86,6107.719491,82.7526,7296.8,6107.7
12/22/1999,19.25545568,81.6102,94.35,4796.151792,81.6102,5545.1,4796.2
12/23/1999,15.63089932,79.968,90.23,3815.002938,79.968,4304.5,3815
12/24/1999,12.91248205,78.897,86.45,3109.316253,78.897,3406.8,3109.3
12/25/1999,10.98693648,81.039,83.25,2717.473787,81.039,2791.6,2717.5
12/26/1999,9.457826762,82.5384,80.28,2382.550295,82.5384,2317.5,2382.6
12/27/1999,8.098618125,81.753,77.21,2020.734686,81.753,1908.6,2020.7
12/28/1999,6.909310568,79.1112,74.07,1668.27393,79.1112,1562,1668.3
12/29/1999,5.946537784,77.6118,71.1,1408.596533,77.6118,1290.4,1408.6
12/30/1999,5.125349233,75.2556,68.16,1177.218185,75.2556,1066.2,1177.2
12/31/1999,4.474061762,72.114,65.47,984.727887,72.114,894,984.7
1/1/2000,4.757230227,,66.69,,66.69,968.2,968.3
1/2/2000,6.201389404,,71.93,,71.93,1361.5,1361.4
1/3/2000,7.503964347,,75.71,,75.71,1733.9,1734
1/4/2000,14.83802761,68.7582,89.2,3113.833241,68.7582,4039.5,3113.8
1/5/2000,18.94397037,67.0446,94.03,3876.408047,67.0446,5436.8,3876.4
1/6/2000,15.12119608,68.901,89.57,3179.847897,68.901,4133.8,3179.8
1/7/2000,12.28951142,70.4718,85.47,2643.28906,70.4718,3205.8,2643.3
1/8/2000,12.43109565,70.8288,85.69,2687.28649,70.8288,3251.3,2687.3
1/9/2000,20.69961486,70.9716,95.79,4483.751528,70.9716,6051.4,4483.8
1/10/2000,31.14853125,75.4698,103.87,7174.728125,75.4698,9875,7174.7
1/11/2000,35.11288977,81.6816,106.24,8753.575582,81.6816,11385.9,8753.6
1/12/2000,34.82972131,85.68,106.08,9108.023319,85.68,11277,9108
1/13/2000,50.40398693,86.5368,113.4,13312.52384,86.5368,17444.8,13312.5
1/14/2000,53.23567159,84.4662,114.48,13723.98928,84.4662,18600.6,13724
1/15/2000,46.43962841,81.4674,111.78,11546.94956,81.4674,15842.9,11546.9
1/16/2000,39.0772483,78.0402,108.36,9307.585293,78.0402,12923.8,9307.6
1/17/2000,33.13071051,75.7554,105.09,7660.180832,75.7554,10626.8,7660.2
1/18/2000,26.90100426,75.327,100.97,6184.631688,75.327,8290.2,6184.6
1/19/2000,21.94555611,,96.94,,96.94,6493.2,6493
1/20/2000,18.54753452,,93.61,,93.61,5299.3,5299.1
1/21/2000,17.18832588,42.6258,92.11,2236.149311,42.6258,4831.9,2236.1
1/22/2000,16.1689194,40.0554,90.9,1976.681719,40.0554,4485.7,1976.7
1/23/2000,14.58317599,41.9118,88.85,1865.447825,41.9118,3954.8,1865.4
1/24/2000,13.59208636,45.9102,87.46,1904.53951,45.9102,3628.3,1904.5
1/25/2000,17.24495957,50.2656,92.17,2645.621603,50.2656,4851.3,2645.6
1/26/2000,18.63248506,54.978,93.7,3126.470931,54.978,5328.7,3126.5
1/27/2000,15.60258247,59.262,90.19,2822.067957,59.262,4294.9,2822.1
1/28/2000,12.79921466,64.4742,86.27,2518.627619,64.4742,3370.2,2518.6
1/29/2000,10.70376801,69.7578,82.73,2278.894078,69.7578,2702.8,2278.9
1/30/2000,9.174658296,73.542,79.68,2059.301858,73.542,2231.3,2059.3
1/31/2000,8.041984432,69.0438,77.08,1694.660046,69.0438,1891.8,1694.7
2/1/2000,15.77248355,71.8998,90.41,3461.166105,71.8998,4352,3461.2
2/2/2000,27.63724227,77.8974,101.51,6570.710676,77.8974,8562.1,6570.7
2/3/2000,21.43585287,83.538,96.48,5465.369359,83.538,6311.9,5465.4
2/4/2000,16.2255531,83.9664,90.97,4158.145865,83.9664,4504.8,4158.1
2/5/2000,12.8841652,,86.4,,86.4,3397.7,3397.5
2/6/2000,10.56218378,,82.47,,82.47,2658.6,2658.5
2/7/2000,8.948123523,,79.19,,79.19,2162.7,2162.7
2/8/2000,11.04357017,,83.35,,83.35,2809.5,2809.4
2/9/2000,14.18674014,,88.31,,88.31,3823.7,3823.7
2/10/2000,12.40277881,86.3226,85.65,3267.669976,86.3226,3242.2,3267.7
2/11/2000,10.90198594,74.6844,83.1,2485.021728,74.6844,2764.9,2485
2/12/2000,11.89307557,70.4004,84.82,2555.429957,70.4004,3078.8,2555.4
2/13/2000,12.91248205,68.7582,86.45,2709.748011,68.7582,3406.8,2709.7
2/14/2000,18.03783128,67.1874,93.06,3698.850958,67.1874,5123.3,3698.9
2/15/2000,25.85328094,70.1862,100.19,5538.116301,70.1862,7905.3,5538.1
2/16/2000,23.38971528,71.3286,98.2,5091.940403,71.3286,7010.5,5091.9
2/17/2000,17.89624705,73.3278,92.91,4005.210059,73.3278,5074.6,4005.2
2/18/2000,13.81862114,72.6852,87.79,3065.528629,72.6852,3702.5,3065.5
2/19/2000,11.1851544,74.97,83.6,2559.317528,74.97,2854.1,2559.3
2/20/2000,9.486143608,78.0402,80.34,2259.450053,78.0402,2326.2,2259.5
2/21/2000,8.381786591,72.0426,77.89,1842.980133,72.0426,1992.7,1843
2/22/2000,8.268519205,67.6872,77.63,1708.161642,67.6872,1959,1708.2
2/23/2000,8.438420284,67.6158,78.03,1741.421971,67.6158,2009.6,1741.4
2/24/2000,7.815449659,67.1874,76.51,1602.641859,67.1874,1825,1602.6
2/25/2000,7.447330654,63.1176,75.56,1434.649429,63.1176,1717.4,1434.6
2/26/2000,9.627727841,61.9752,80.64,1821.111004,61.9752,2369.5,1821.1
2/27/2000,19.34040622,62.6892,94.44,3700.43684,62.6892,5574.7,3700.4
2/28/2000,16.45208787,62.9034,91.24,3158.564989,62.9034,4581.5,3158.6
2/29/2000,15.71584986,63.546,90.33,3048.040731,63.546,4333,3048
3/1/2000,16.19723625,65.1882,90.93,3222.586495,65.1882,4495.2,3222.6
3/2/2000,14.41327492,68.4726,88.62,3012.133151,68.4726,3898.5,3012.1
3/3/2000,11.86475872,66.1878,84.77,2396.798551,66.1878,3069.8,2396.8
3/4/2000,11.49663972,63.903,84.15,2242.264521,63.903,2952.6,2242.3
3/5/2000,11.38337233,63.8316,83.95,2217.692605,63.8316,2916.7,2217.7
3/6/2000,10.64713432,64.3314,82.63,2090.501157,64.3314,2685.1,2090.5
3/7/2000,9.429509915,65.331,80.23,1880.195911,65.331,2308.9,1880.2
3/8/2000,8.410103438,,77.96,,77.96,2001.1,2001.1
3/9/2000,7.164162188,,74.79,,74.79,1635.3,1635.3
3/10/2000,6.031488324,,71.38,,71.38,1314,1314
3/11/2000,6.14475571,,71.75,,71.75,1345.6,1345.6
3/12/2000,5.521785085,,69.64,,69.64,1173.6,1173.6
3/13/2000,5.408517699,,69.23,,69.23,1142.7,1142.7
3/14/2000,9.797628921,,80.98,,80.98,2421.7,2421.7
3/15/2000,9.910896307,,81.21,,81.21,2456.5,2456.5
3/16/2000,10.19406477,,81.77,,81.77,2544.1,2544.1
3/17/2000,9.571094148,,80.52,,80.52,2352.1,2352.1
3/18/2000,9.457826762,,80.28,,80.28,2317.5,2317.5
3/19/2000,10.10911423,,81.6,,81.6,2517.8,2517.8
3/20/2000,11.41168918,,84,,84,2925.7,2925.7
3/21/2000,11.49663972,,84.15,,84.15,2952.6,2952.6
3/22/2000,10.70376801,,82.73,,82.73,2702.8,2702.8
3/23/2000,9.684361534,,80.75,,80.75,2386.9,2386.9
3/24/2000,8.466737131,,78.09,,78.09,2018,2018
3/25/2000,7.588914887,,75.93,,75.93,1758.6,1758.6
3/26/2000,6.767726335,,73.66,,73.66,1521.5,1521.5
3/27/2000,6.31465679,,72.29,,72.29,1393.2,1393.2
3/28/2000,6.116438864,,71.66,,71.66,1337.7,1337.7
3/29/2000,5.380200852,,69.12,,69.12,1135,1135
3/30/2000,4.757230227,64.26,66.69,933.0170229,64.26,968.2,933
3/31/2000,4.360794375,56.3346,64.96,749.7828465,56.3346,864.6,749.8
4/1/2000,4.134259602,54.0498,63.91,682.0033559,54.0498,806.4,682
4/2/2000,3.879407983,52.5504,62.65,622.2088125,52.5504,741.8,622.2
4/3/2000,3.73782375,51.765,61.91,590.5405363,51.765,706.3,590.5
4/4/2000,3.624556364,51.6222,61.3,571.0656572,51.6222,678.2,571.1
4/5/2000,3.398021591,54.5496,60.03,565.7341314,54.5496,622.5,565.7
4/6/2000,3.313071051,56.2632,59.53,568.9182371,56.2632,601.9,568.9
4/7/2000,3.256437358,58.0482,59.18,576.9340381,58.0482,588.2,576.9
4/8/2000,3.143169972,56.9058,58.48,545.9075196,56.9058,561,545.9
4/9/2000,3.001585739,55.335,57.57,506.9269076,55.335,527.4,506.9
4/10/2000,3.001585739,54.4068,57.57,498.4236176,54.4068,527.4,498.4
4/11/2000,2.888318352,51.9078,56.81,457.5856106,51.9078,500.8,457.6
4/12/2000,2.775050966,51.051,56.02,432.3842778,51.051,474.5,432.4
4/13/2000,3.058219432,48.4806,57.94,452.5132561,48.4806,540.8,452.5
4/14/2000,3.058219432,49.3374,57.94,460.5105449,49.3374,540.8,460.5
4/15/2000,3.143169972,52.6218,58.48,504.8103412,52.6218,561,504.8
4/16/2000,3.058219432,53.8356,57.94,502.4963109,53.8356,540.8,502.5
4/17/2000,2.916635199,51.5508,57,458.893809,51.5508,507.4,458.9
4/18/2000,2.775050966,49.1232,56.02,416.0564798,49.1232,474.5,416.1
4/19/2000,2.633466733,46.1244,54.98,370.7261687,46.1244,441.9,370.7
4/20/2000,2.57683304,44.268,54.55,348.1535743,44.268,429,348.2
4/21/2000,2.463565654,36.6996,53.66,275.943487,36.6996,403.5,275.9
4/22/2000,2.548516193,35.8428,54.33,278.7943723,35.8428,422.6,278.8
4/23/2000,2.605149886,36.1998,54.77,287.8283467,36.1998,435.5,287.8
4/24/2000,2.66178358,37.842,55.19,307.4266408,37.842,448.4,307.4
4/25/2000,2.548516193,39.9126,54.33,310.450307,39.9126,422.6,310.5
4/26/2000,2.548516193,39.8412,54.33,309.8949398,39.8412,422.6,309.9
4/27/2000,2.435248807,39.0558,53.43,290.2843042,39.0558,397.2,290.3
4/28/2000,2.803367813,39.6984,56.22,339.6626257,39.6984,481,339.7
4/29/2000,3.114853125,42.3402,58.31,402.5178598,42.3402,554.3,402.5
4/30/2000,2.944952046,43.4112,57.2,390.1887063,43.4112,514.1,390.2
5/1/2000,2.831684659,43.6254,56.42,377.0326726,43.6254,487.6,377
5/2/2000,2.746734119,43.554,55.82,365.1231299,43.554,467.9,365.1
5/3/2000,2.520199347,42.9828,54.11,330.6163099,42.9828,416.2,330.6
5/4/2000,2.435248807,36.4854,53.43,271.1796699,36.4854,397.2,271.2
5/5/2000,2.40693196,28.4172,53.2,208.7563881,28.4172,390.8,208.8
5/6/2000,2.293664574,28.9884,52.25,202.9312025,28.9884,365.8,202.9
5/7/2000,2.180397188,30.5592,51.25,203.3631548,30.5592,341,203.4
5/8/2000,2.180397188,33.3438,51.25,221.8939096,33.3438,341,221.9
5/9/2000,2.548516193,35.343,54.33,274.9068014,35.343,422.6,274.9
5/10/2000,5.040398693,40.9122,67.83,629.3792211,40.9122,1043.5,629.4
5/11/2000,16.6503058,52.7646,91.48,2681.387255,52.7646,4648.7,2681.4
5/12/2000,19.39703992,64.8312,94.5,3838.081534,64.8312,5594.5,3838.1
5/13/2000,12.40277881,67.0446,85.65,2537.917376,67.0446,3242.2,2537.9
5/14/2000,9.061390909,65.0454,79.44,1798.896313,65.0454,2196.9,1798.9
5/15/2000,7.390696961,65.4738,75.4,1476.888196,65.4738,1700.9,1476.9
5/16/2000,5.918220938,60.9042,71.01,1100.102353,60.9042,1282.6,1100.1
5/17/2000,5.012081847,59.3334,67.72,907.6367384,59.3334,1035.9,907.6
5/18/2000,4.389111222,60.2616,65.09,807.2571887,60.2616,872,807.3
5/19/2000,3.964358523,51.6936,63.08,625.4669672,51.6936,763.2,625.5
5/20/2000,3.681190057,48.0522,61.61,539.8786993,48.0522,692.2,539.9
5/21/2000,3.426338438,46.6956,60.19,488.3159331,46.6956,629.4,488.3
5/22/2000,3.171486818,43.554,58.66,421.5854696,43.554,567.8,421.6
5/23/2000,3.029902585,41.8404,57.76,386.9182101,41.8404,534.1,386.9
5/24/2000,2.860001506,40.7694,56.62,355.8731794,40.7694,494.2,355.9
5/25/2000,2.718417273,40.9122,55.61,339.4404788,40.9122,461.4,339.4
5/26/2000,2.66178358,40.9836,55.19,332.9488524,40.9836,448.4,332.9
5/27/2000,2.718417273,41.8404,55.61,347.1415717,41.8404,461.4,347.1
5/28/2000,2.633466733,43.3398,54.98,348.3448675,43.3398,441.9,348.3
5/29/2000,2.4918825,43.4826,53.89,330.7027003,43.4826,409.8,330.7
5/30/2000,2.321981421,43.554,52.49,308.6607903,43.554,372,308.7
5/31/2000,2.237030881,42.84,51.75,292.4934318,42.84,353.4,292.5
6/1/2000,2.123763494,41.9118,50.73,271.667159,41.9118,328.8,271.7
6/2/2000,2.067129801,,50.19,,50.19,316.7,316.7
6/3/2000,1.953862415,,49.08,,49.08,292.7,292.7
6/4/2000,1.868911875,,48.2,,48.2,274.9,274.9
6/5/2000,1.840595028,38.913,47.89,218.5987304,38.913,269,218.6
6/6/2000,1.897228722,37.9134,48.49,219.536684,37.9134,280.8,219.5
6/7/2000,2.180397188,39.5556,51.25,263.2317471,39.5556,341,263.2
6/8/2000,2.152080341,43.197,50.99,283.7309703,43.197,334.9,283.7
6/9/2000,1.953862415,45.1248,49.08,269.0939572,45.1248,292.7,269.1
6/10/2000,2.067129801,48.909,50.19,308.568229,48.909,316.7,308.6
6/11/2000,2.690100426,52.122,55.4,427.9413395,52.122,454.9,427.9
6/12/2000,12.14792719,63.546,85.24,2356.053105,63.546,3160.3,2356.1
6/13/2000,11.2417881,73.542,83.7,2523.280363,73.542,2872,2523.3
6/14/2000,7.617231733,65.4738,76,1522.1568,65.4738,1766.9,1522.2
6/15/2000,5.691686165,60.4758,70.23,1050.551251,60.4758,1220.1,1050.6
6/16/2000,4.587329148,55.9062,65.97,782.7346382,55.9062,923.6,782.7
6/17/2000,3.90772483,52.2648,62.79,623.3442301,52.2648,748.9,623.3
6/18/2000,3.426338438,51.765,60.19,541.328825,51.765,629.4,541.3
6/19/2000,3.086536279,51.9078,58.12,488.9885446,51.9078,547.5,489
6/20/2000,2.803367813,51.765,56.22,442.9054022,51.765,481,442.9
6/21/2000,2.633466733,47.3382,54.98,380.4821205,47.3382,441.9,380.5
6/22/2000,2.435248807,44.3394,53.43,329.5549413,44.3394,397.2,329.6
6/23/2000,2.265347727,42.0546,52,290.7656225,42.0546,359.5,290.8
6/24/2000,2.123763494,40.4838,50.73,262.4110377,40.4838,328.8,262.4
6/25/2000,1.982179261,39.0558,49.36,236.277922,39.0558,298.6,236.3
6/26/2000,1.868911875,36.9852,48.2,210.9655157,36.9852,274.9,211
6/27/2000,1.755644489,35.343,46.96,189.380241,35.343,251.6,189.4
6/28/2000,1.642377102,35.1288,45.64,176.0884508,35.1288,228.8,176.1
6/29/2000,1.585743409,34.629,44.94,167.5975023,34.629,217.5,167.6
6/30/2000,1.557426563,34.629,44.59,164.6046897,34.629,211.9,164.6
7/1/2000,1.500792869,34.986,43.85,160.2543127,34.986,200.9,160.3
7/2/2000,1.41584233,35.343,42.7,152.7260008,35.343,184.5,152.7
7/3/2000,1.387525483,34.629,42.3,146.6478145,34.629,179.1,146.6
7/4/2000,1.444159176,34.5576,43.09,152.3187314,34.5576,189.9,152.3
7/5/2000,1.472476023,34.7718,43.48,156.2680098,34.7718,195.4,156.3
7/6/2000,1.359208636,37.6278,41.89,156.0952289,37.6278,173.8,156.1
7/7/2000,1.24594125,36.771,40.17,139.8291385,36.771,152.8,139.8
7/8/2000,1.217624403,33.8436,39.72,125.7721757,33.8436,147.6,125.8
7/9/2000,1.217624403,32.13,39.72,119.4039642,32.13,147.6,119.4
7/10/2000,1.16099071,30.4164,38.77,107.7782759,30.4164,137.4,107.8
7/11/2000,1.104357017,28.9884,37.78,97.70761601,28.9884,127.4,97.7
7/12/2000,1.047723324,27.2748,36.74,87.21734525,27.2748,117.5,87.2
7/13/2000,1.07604017,25.9182,37.27,85.1192911,25.9182,122.4,85.1
7/14/2000,1.047723324,25.5612,36.74,81.73772147,25.5612,117.5,81.7
7/15/2000,1.019406477,26.418,36.2,82.19435678,26.418,112.6,82.2
7/16/2000,1.019406477,26.3466,36.2,81.97220987,26.3466,112.6,82
7/17/2000,0.991089631,26.2752,35.64,79.47922788,26.2752,107.8,79.5
7/18/2000,0.991089631,26.6322,35.64,80.55910869,26.6322,107.8,80.6
7/19/2000,0.991089631,27.0606,35.64,81.85496567,27.0606,107.8,81.9
7/20/2000,0.962772784,25.2756,35.07,74.27111698,25.2756,103,74.3
7/21/2000,0.962772784,24.276,35.07,71.33384117,24.276,103,71.3
7/22/2000,0.962772784,23.8476,35.07,70.07500868,23.8476,103,70.1
7/23/2000,0.962772784,23.9904,35.07,70.49461951,23.9904,103,70.5
7/24/2000,0.934455938,23.1336,34.48,65.97763233,23.1336,98.3,66
7/25/2000,0.877822244,21.8484,33.24,58.53571084,21.8484,89.1,58.5
7/26/2000,0.877822244,21.2058,33.24,56.81407229,21.2058,89.1,56.8
7/27/2000,0.877822244,21.1344,33.24,56.62277912,21.1344,89.1,56.6
7/28/2000,0.849505398,20.8488,32.59,54.05574815,20.8488,84.5,54.1
7/29/2000,0.821188551,21.063,31.92,52.79074491,21.063,80,52.8
7/30/2000,0.792871705,19.7778,31.23,47.86031766,19.7778,75.6,47.9
7/31/2000,0.821188551,19.5636,31.92,49.03275968,19.5636,80,49
8/1/2000,0.821188551,18.4212,31.92,46.16953284,18.4212,80,46.2
8/2/2000,0.764554858,17.493,30.51,40.81949475,17.493,71.2,40.8
8/3/2000,0.764554858,15.9222,30.51,37.15407073,15.9222,71.2,37.2
8/4/2000,0.736238011,15.9936,29.76,35.93843348,15.9936,66.9,35.9
8/5/2000,0.736238011,16.2078,29.76,36.41975178,16.2078,66.9,36.4
8/6/2000,0.736238011,15.1368,29.76,34.01316025,15.1368,66.9,34
8/7/2000,0.764554858,14.8512,30.51,34.65491799,14.8512,71.2,34.7
8/8/2000,0.764554858,14.7798,30.51,34.48830781,14.7798,71.2,34.5
8/9/2000,0.764554858,13.7802,30.51,32.15576525,13.7802,71.2,32.2
8/10/2000,0.764554858,13.4232,30.51,31.32271434,13.4232,71.2,31.3
8/11/2000,0.764554858,14.0658,30.51,32.82220598,14.0658,71.2,32.8
8/12/2000,0.736238011,14.3514,29.76,32.24832647,14.3514,66.9,32.2
8/13/2000,0.707921165,14.7084,28.98,31.77934966,14.7084,62.6,31.8
8/14/2000,0.679604318,15.351,28.18,31.84105713,15.351,58.4,31.8
8/15/2000,0.707921165,15.351,28.98,33.16776785,15.351,62.6,33.2
8/16/2000,0.707921165,15.6366,28.98,33.7848426,15.6366,62.6,33.8
8/17/2000,0.651287472,,27.33,,27.33,54.3,54.3
8/18/2000,0.679604318,17.2074,28.18,35.69160358,17.2074,58.4,35.7
8/19/2000,0.707921165,16.8504,28.98,36.40741029,16.8504,62.6,36.4
8/20/2000,0.707921165,16.5648,28.98,35.79033554,16.5648,62.6,35.8
8/21/2000,0.679604318,16.6362,28.18,34.50682005,16.6362,58.4,34.5
8/22/2000,0.679604318,16.422,28.18,34.06252623,16.422,58.4,34.1
8/23/2000,0.651287472,15.1368,27.33,30.08856484,15.1368,54.3,30.1
8/24/2000,0.651287472,14.4942,27.33,28.81122011,14.4942,54.3,28.8
8/25/2000,0.679604318,14.28,28.18,29.61958803,14.28,58.4,29.6
8/26/2000,0.707921165,14.4228,28.98,31.16227491,14.4228,62.6,31.2
8/27/2000,0.679604318,14.8512,28.18,30.80437155,14.8512,58.4,30.8
8/28/2000,0.651287472,15.6366,27.33,31.08205519,15.6366,54.3,31.1
8/29/2000,0.651287472,16.422,27.33,32.64325431,16.422,54.3,32.6
8/30/2000,0.622970625,16.9932,26.45,32.31003394,16.9932,50.3,32.3
8/31/2000,0.622970625,16.6362,26.45,31.63125172,16.6362,50.3,31.6
9/1/2000,0.594653778,16.5648,25.53,30.06388185,16.5648,46.3,30.1
9/2/2000,0.538020085,15.9222,23.55,26.14545718,15.9222,38.7,26.1
9/3/2000,0.538020085,15.5652,23.55,25.55923617,15.5652,38.7,25.6
9/4/2000,0.594653778,14.7084,25.53,26.69465371,14.7084,46.3,26.7
9/5/2000,0.991089631,13.923,35.64,42.11535173,13.923,107.8,42.1
9/6/2000,0.877822244,13.566,33.24,36.34570281,13.566,89.1,36.3
9/7/2000,0.764554858,13.0662,30.51,30.48966343,13.0662,71.2,30.5
9/8/2000,0.764554858,,30.51,,30.51,71.2,71.2
9/9/2000,1.019406477,,36.2,,36.2,112.6,112.6
9/10/2000,0.962772784,,35.07,,35.07,103,103
9/11/2000,0.934455938,,34.48,,34.48,98.3,98.3
9/12/2000,0.821188551,,31.92,,31.92,80,80
9/13/2000,0.707921165,,28.98,,28.98,62.6,62.6
9/14/2000,0.651287472,,27.33,,27.33,54.3,54.3
9/15/2000,0.594653778,,25.53,,25.53,46.3,46.3
9/16/2000,0.538020085,,23.55,,23.55,38.7,38.7
9/17/2000,0.538020085,,23.55,,23.55,38.7,38.7
9/18/2000,0.509703239,,22.48,,22.48,35,35
9/19/2000,0.481386392,,21.35,,21.35,31.4,31.4
9/20/2000,0.453069545,,20.15,,20.15,27.9,27.9
9/21/2000,0.424752699,19.9206,18.87,25.82457831,19.9206,24.5,25.8
9/22/2000,0.368119006,17.6358,16.04,19.81427024,17.6358,18,19.8
9/23/2000,0.339802159,17.493,14.46,18.14199767,17.493,15,18.1
9/24/2000,0.283168466,18.1356,10.85,15.67369867,18.1356,9.4,15.7
9/25/2000,0.283168466,19.3494,10.85,16.72272574,19.3494,9.4,16.7
9/26/2000,0.266178358,20.2062,9.63,16.41542252,20.2062,7.8,16.4
9/27/2000,0.266178358,20.5632,9.63,16.70544765,20.5632,7.8,16.7
9/28/2000,0.266178358,19.278,9.63,15.66135717,19.278,7.8,15.7
9/29/2000,0.283168466,18.7782,10.85,16.22906594,18.7782,9.4,16.2
9/30/2000,0.311485313,17.3502,12.74,16.49440808,17.3502,12.1,16.5
10/1/2000,0.934455938,15.7794,34.48,45.00326156,15.7794,98.3,45
10/2/2000,0.849505398,14.2086,32.59,36.83936261,14.2086,84.5,36.8
10/3/2000,0.509703239,13.1376,22.48,20.43751574,13.1376,35,20.4
10/4/2000,0.424752699,12.9948,18.87,16.84614069,12.9948,24.5,16.8
10/5/2000,0.368119006,14.1372,16.04,15.88350408,14.1372,18,15.9
10/6/2000,0.339802159,15.2082,14.46,15.77243063,15.2082,15,15.8
10/7/2000,0.311485313,15.4224,12.74,14.66169607,15.4224,12.1,14.7
10/8/2000,0.283168466,16.2792,10.85,14.06930431,16.2792,9.4,14.1
10/9/2000,0.566336932,17.7072,24.57,30.60690763,17.7072,42.5,30.6
10/10/2000,1.444159176,18.3498,43.09,80.87998756,18.3498,189.9,80.9
10/11/2000,0.764554858,19.1352,30.51,44.65152895,19.1352,71.2,44.7
10/12/2000,0.538020085,19.7064,23.55,32.35939992,19.7064,38.7,32.4
10/13/2000,0.538020085,20.2062,23.55,33.18010934,20.2062,38.7,33.2
10/14/2000,0.538020085,21.1344,23.55,34.70428397,21.1344,38.7,34.7
10/15/2000,0.509703239,21.777,22.48,33.87740381,21.777,35,33.9
10/16/2000,0.453069545,22.5624,20.15,31.19929939,22.5624,27.9,31.2
10/17/2000,0.453069545,23.2764,20.15,32.18661899,23.2764,27.9,32.2
10/18/2000,0.566336932,23.1336,24.57,39.98644384,23.1336,42.5,40
10/19/2000,0.651287472,22.134,27.33,43.99742972,22.134,54.3,44
10/20/2000,0.962772784,22.6338,35.07,66.50831662,22.6338,103,66.5
10/21/2000,1.642377102,21.9198,45.64,109.8763301,21.9198,228.8,109.9
10/22/2000,1.189307557,23.4906,39.25,85.26738904,23.4906,142.5,85.3
10/23/2000,0.821188551,23.1336,31.92,57.98034357,23.1336,80,58
10/24/2000,0.679604318,23.6334,28.18,49.02041819,23.6334,58.4,49
10/25/2000,0.594653778,22.3482,25.53,40.56032336,22.3482,46.3,40.6
10/26/2000,0.566336932,21.2058,24.57,36.65424019,21.2058,42.5,36.7
10/27/2000,0.566336932,24.2046,24.57,41.83766809,24.2046,42.5,41.8
10/28/2000,1.274258097,27.846,40.62,108.2966187,27.846,158,108.3
10/29/2000,1.359208636,30.9876,41.89,128.549012,30.9876,173.8,128.5
10/30/2000,1.132673864,33.558,38.29,116.0100531,33.558,132.4,116
10/31/2000,0.962772784,35.1288,35.07,103.2242643,35.1288,103,103.2
11/1/2000,0.906139091,35.7714,33.87,98.92942402,35.7714,93.7,98.9
11/2/2000,0.877822244,36.6282,33.24,98.13339759,36.6282,89.1,98.1
11/3/2000,0.877822244,37.842,33.24,101.3853815,37.842,89.1,101.4
11/4/2000,0.849505398,38.4846,32.59,99.78098717,38.4846,84.5,99.8
11/5/2000,0.821188551,38.4132,31.92,96.27600259,38.4132,80,96.3
11/6/2000,0.849505398,39.7698,32.59,103.1131908,39.7698,84.5,103.1
11/7/2000,0.821188551,40.1982,31.92,100.7497945,40.1982,80,100.7
11/8/2000,1.019406477,41.3406,36.2,128.623061,41.3406,112.6,128.6
11/9/2000,1.840595028,45.0534,47.89,253.093209,45.0534,269,253.1
11/10/2000,2.010496108,50.4084,49.64,309.3148895,50.4084,304.6,309.3
11/11/2000,1.472476023,51.6222,43.48,231.9954232,51.6222,195.4,232
11/12/2000,1.217624403,54.1212,39.72,201.1293442,54.1212,147.6,201.1
11/13/2000,1.07604017,56.9772,37.27,187.1217474,56.9772,122.4,187.1
11/14/2000,0.962772784,60.69,35.07,178.3346029,60.69,103,178.3
11/15/2000,0.877822244,56.9058,33.24,152.4606586,56.9058,89.1,152.5
11/16/2000,0.792871705,42.84,31.23,103.6685581,42.84,75.6,103.7
11/17/2000,0.764554858,45.1248,30.51,105.2976354,45.1248,71.2,105.3
11/18/2000,0.736238011,47.2668,29.76,106.2109061,47.2668,66.9,106.2
11/19/2000,0.707921165,49.6944,28.98,107.3710066,49.6944,62.6,107.4
11/20/2000,0.707921165,54.3354,28.98,117.3984713,54.3354,62.6,117.4
11/21/2000,0.679604318,57.9054,28.18,120.1074295,57.9054,58.4,120.1
11/22/2000,0.651287472,60.1188,27.33,119.5026962,60.1188,54.3,119.5
11/23/2000,0.962772784,63.3318,35.07,186.0974033,63.3318,103,186.1
11/24/2000,2.123763494,69.6864,50.73,451.6987174,69.6864,328.8,451.7
11/25/2000,1.529109716,76.1124,44.22,355.2129094,76.1124,206.4,355.2
11/26/2000,1.699010796,79.4682,46.31,412.0825185,79.4682,240.1,412.1
11/27/2000,3.029902585,80.325,57.76,742.803731,80.325,534.1,742.8
11/28/2000,2.831684659,85.5372,56.42,739.2555512,85.5372,487.6,739.3
11/29/2000,2.633466733,84.1092,54.98,676.0300723,84.1092,441.9,676
11/30/2000,2.944952046,83.7522,57.2,752.7818298,83.7522,514.1,752.8
12/1/2000,2.718417273,82.3956,55.61,683.6200917,82.3956,461.4,683.6
12/2/2000,2.4918825,82.3242,53.89,626.108725,82.3242,409.8,626.1
12/3/2000,2.208714034,81.9672,51.5,552.5534147,81.9672,347.2,552.6
12/4/2000,1.953862415,81.8244,49.08,487.9456883,81.8244,292.7,487.9
12/5/2000,1.755644489,81.396,46.96,436.1484337,81.396,251.6,436.1
12/6/2000,1.614060256,81.2532,45.29,400.2717077,81.2532,223.1,400.3
12/7/2000,1.500792869,80.3964,43.85,368.2578697,80.3964,200.9,368.3
12/8/2000,1.387525483,78.6828,42.3,333.2080238,78.6828,179.1,333.2
12/9/2000,1.359208636,74.1132,41.89,307.4513237,74.1132,173.8,307.5
12/10/2000,1.302574943,73.2564,41.05,291.2345993,73.2564,163.2,291.2
12/11/2000,1.359208636,71.8284,41.89,297.9730556,71.8284,173.8,298
12/12/2000,1.699010796,70.9002,46.31,367.6531364,70.9002,240.1,367.7
12/13/2000,2.067129801,72.6852,50.19,458.5729302,72.6852,316.7,458.6
12/14/2000,4.927131307,85.2516,67.38,1282.009819,85.2516,1013.3,1282
12/15/2000,10.87366909,103.8156,83.05,3445.35048,103.8156,2756.1,3445.4
12/16/2000,10.16574793,111.384,81.71,3455.865433,111.384,2535.3,3455.9
12/17/2000,10.90198594,121.4514,83.1,4041.129981,121.4514,2764.9,4041.1
12/18/2000,9.202975142,128.0916,79.74,3597.854333,128.0916,2239.9,3597.9
12/19/2000,7.220795881,126.5208,74.94,2788.313968,126.5208,1651.6,2788.3
12/20/2000,5.606735625,119.8092,69.94,2050.193834,119.8092,1196.8,2050.2
12/21/2000,4.983765,119.3094,67.61,1814.792159,119.3094,1028.3,1814.8
12/22/2000,19.36872307,111.6696,94.47,6601.317584,111.6696,5584.6,6601.3
12/23/2000,22.59684358,111.2412,97.52,7671.991642,111.2412,6725.8,7672
12/24/2000,16.79189003,111.1698,91.65,5697.457343,111.1698,4696.8,5697.5
12/25/2000,13.02574943,109.0992,86.62,4337.295007,109.0992,3443.6,4337.3
12/26/2000,10.27901531,104.7438,81.93,3286.052633,104.7438,2570.4,3286.1
12/27/2000,8.155251818,106.386,77.35,2647.99117,106.386,1925.3,2648
12/28/2000,6.682775796,106.1718,73.41,2165.512764,106.1718,1497.3,2165.5
12/29/2000,5.635052472,105.672,70.04,1817.408555,105.672,1204.5,1817.4
12/30/2000,4.89881446,103.1016,67.27,1541.526776,103.1016,1005.7,1541.5
12/31/2000,4.389111222,104.8866,65.09,1405.048353,104.8866,872,1405
1/1/2001,3.936041676,107.3856,62.94,1290.031791,107.3856,756.1,1290
1/2/2001,3.539605824,101.9592,60.83,1101.47843,101.9592,657.2,1101.5
1/3/2001,3.284754205,98.8176,59.36,990.6764876,98.8176,595.1,990.7
1/4/2001,3.114853125,93.4626,58.31,888.5259334,93.4626,554.3,888.5
1/5/2001,3.143169972,83.3238,58.48,799.3401197,83.3238,561,799.3
1/6/2001,2.888318352,77.3976,56.81,682.2872103,77.3976,500.8,682.3
1/7/2001,2.690100426,77.1834,55.4,633.7049151,77.1834,454.9,633.7
1/8/2001,2.690100426,76.398,55.4,627.256484,76.398,454.9,627.3
1/9/2001,2.605149886,79.4682,54.77,631.8598616,79.4682,435.5,631.9
1/10/2001,2.775050966,80.8962,56.02,685.1627786,80.8962,474.5,685.2
1/11/2001,2.57683304,85.8942,54.55,675.5302417,85.8942,429,675.5
1/12/2001,2.435248807,86.037,53.43,639.4745641,86.037,397.2,639.5
1/13/2001,3.058219432,89.7498,57.94,837.7159984,89.7498,540.8,837.7
1/14/2001,8.353469745,102.5304,77.83,2614.052059,102.5304,1984.2,2614.1
1/15/2001,8.523370824,104.1726,78.23,2709.939304,104.1726,2035,2709.9
1/16/2001,6.994261108,102.459,74.31,2187.1906,102.459,1586.4,2187.2
1/17/2001,5.804953551,97.3182,70.62,1724.199414,97.3182,1251.3,1724.2
1/18/2001,5.040398693,93.3912,67.83,1436.698117,93.3912,1043.5,1436.7
1/19/2001,4.587329148,82.6098,65.97,1156.607888,82.6098,923.6,1156.6
1/20/2001,4.162576449,83.0382,64.04,1054.957164,83.0382,813.6,1055
1/21/2001,4.219210142,77.6118,64.31,999.4327783,77.6118,828.1,999.4
1/22/2001,4.077625909,76.9692,63.64,957.8974769,76.9692,792,957.9
1/23/2001,3.851091137,78.7542,62.5,925.6614919,78.7542,734.7,925.7
1/24/2001,3.794457443,77.469,62.21,897.1649799,77.469,720.5,897.2
1/25/2001,3.65287321,77.7546,61.46,866.8727804,77.7546,685.2,866.9
1/26/2001,3.511288977,76.6122,60.68,821.0302972,76.6122,650.2,821
1/27/2001,3.454655284,77.469,60.35,816.8218474,77.469,636.4,816.8
1/28/2001,3.369704744,77.3976,59.86,796.0017453,77.3976,615.6,796
1/29/2001,3.766140597,81.3246,62.06,934.7880275,81.3246,713.4,934.8
1/30/2001,3.936041676,89.1072,62.94,1070.451911,89.1072,756.1,1070.5
1/31/2001,3.82277429,90.678,62.36,1057.97466,90.678,727.6,1058
2/1/2001,3.851091137,89.607,62.5,1053.223184,89.607,734.7,1053.2
2/2/2001,4.247526989,91.035,64.44,1180.155461,91.035,835.4,1180.2
2/3/2001,4.105942756,87.465,63.77,1096.079026,87.465,799.2,1096.1
2/4/2001,4.757230227,84.7518,66.69,1230.545785,84.7518,968.2,1230.5
2/5/2001,6.371290483,88.893,72.47,1728.580645,88.893,1409.2,1728.6
2/6/2001,6.682775796,85.9656,73.41,1753.380879,85.9656,1497.3,1753.4
2/7/2001,6.14475571,85.1088,71.75,1596.150233,85.1088,1345.6,1596.2
2/8/2001,5.550101932,91.749,69.74,1554.164467,91.749,1181.3,1554.2
2/9/2001,5.295250313,86.1084,68.81,1391.639319,86.1084,1112,1391.6
2/10/2001,4.89881446,78.897,67.27,1179.630947,78.897,1005.7,1179.6
2/11/2001,4.89881446,80.2536,67.27,1199.914194,80.2536,1005.7,1199.9
2/12/2001,4.502378608,81.753,65.6,1123.415437,81.753,901.4,1123.4
2/13/2001,4.275843835,81.753,64.57,1066.89139,81.753,842.7,1066.9
2/14/2001,4.049309063,79.1826,63.5,978.6003347,79.1826,784.7,978.6
2/15/2001,3.879407983,81.6816,62.65,967.1289151,81.6816,741.8,967.1
2/16/2001,3.90772483,79.968,62.79,953.7507345,79.968,748.9,953.8
2/17/2001,3.596239517,83.895,61.15,920.8297966,83.895,671.2,920.8
2/18/2001,4.020992216,83.7522,63.36,1027.836729,83.7522,777.6,1027.8
2/19/2001,3.794457443,84.252,62.21,975.7185957,84.252,720.5,975.7
2/20/2001,3.596239517,82.6812,61.15,907.5071527,82.6812,671.2,907.5
2/21/2001,4.077625909,80.682,63.64,1004.104034,80.682,792,1004.1
2/22/2001,4.105942756,83.0382,63.77,1040.604006,83.0382,799.2,1040.6
2/23/2001,4.049309063,84.1092,63.5,1039.4871,84.1092,784.7,1039.5
2/24/2001,3.90772483,84.1092,62.79,1003.141398,84.1092,748.9,1003.1
2/25/2001,3.73782375,83.0382,61.91,947.3084741,83.0382,706.3,947.3
2/26/2001,3.482972131,83.0382,60.52,882.71926,83.0382,643.3,882.7
2/27/2001,3.398021591,81.9672,60.03,850.0821764,81.9672,622.5,850.1
2/28/2001,3.199803665,86.6082,58.84,845.8181899,86.6082,574.6,845.8
3/1/2001,3.199803665,90.5352,58.84,884.1693857,90.5352,574.6,884.2
3/2/2001,3.539605824,91.3206,60.83,986.5482575,91.3206,657.2,986.5
3/3/2001,3.171486818,95.676,58.66,926.1057857,95.676,567.8,926.1
3/4/2001,3.058219432,94.1052,57.94,878.368883,94.1052,540.8,878.4
3/5/2001,3.001585739,88.179,57.57,807.812556,88.179,527.4,807.8
3/6/2001,2.831684659,82.3242,56.42,711.4871874,82.3242,487.6,711.5
3/7/2001,2.746734119,80.1108,55.82,671.5871341,80.1108,467.9,671.6
3/8/2001,2.803367813,78.6828,56.22,673.2162114,78.6828,481,673.2
3/9/2001,3.086536279,77.5404,58.12,730.4560653,77.5404,547.5,730.5
3/10/2001,2.888318352,79.7538,56.81,703.0579464,79.7538,500.8,703.1
3/11/2001,2.803367813,77.6118,56.22,664.0526514,77.6118,481,664.1
3/12/2001,2.718417273,76.8264,55.61,637.4135344,76.8264,461.4,637.4
3/13/2001,2.605149886,75.8982,54.77,603.4744231,75.8982,435.5,603.5
3/14/2001,2.775050966,75.1842,56.02,636.7841181,75.1842,474.5,636.8
3/15/2001,2.66178358,74.7558,55.19,607.3126281,74.7558,448.4,607.3
3/16/2001,2.66178358,73.6848,55.19,598.6118741,73.6848,448.4,598.6
3/17/2001,3.369704744,74.1846,59.86,762.9573924,74.1846,615.6,763
3/18/2001,4.559012301,73.3278,65.84,1020.314588,73.3278,916.2,1020.3
3/19/2001,9.174658296,76.1124,79.68,2131.277457,76.1124,2231.3,2131.3
3/20/2001,9.542777302,86.4654,80.46,2518.325252,86.4654,2343.5,2518.3
3/21/2001,7.64554858,82.5384,76.08,1926.013712,82.5384,1775.2,1926
3/22/2001,6.286339943,79.7538,72.2,1530.184942,79.7538,1385.3,1530.2
3/23/2001,5.380200852,77.5404,69.12,1273.27204,77.5404,1135,1273.3
3/24/2001,4.757230227,75.5412,66.69,1096.813345,75.5412,968.2,1096.8
3/25/2001,5.097032387,70.6146,68.05,1098.516471,70.6146,1058.6,1098.5
3/26/2001,5.040398693,70.7574,67.83,1088.507519,70.7574,1043.5,1088.5
3/27/2001,5.918220938,67.3302,71.01,1216.174114,67.3302,1282.6,1216.2
3/28/2001,13.59208636,69.0438,87.46,2864.214162,69.0438,3628.3,2864.2
3/29/2001,12.43109565,73.542,85.69,2790.2269,73.542,3251.3,2790.2
3/30/2001,10.10911423,74.8272,81.6,2308.698789,74.8272,2517.8,2308.7
3/31/2001,8.693271904,77.112,78.62,2045.973043,77.112,2085.9,2046
4/1/2001,7.702182273,83.538,76.22,1963.778686,83.538,1791.8,1963.8
4/2/2001,7.164162188,89.964,74.79,1967.11089,89.964,1635.3,1967.1
4/3/2001,6.824360029,96.1758,73.83,2003.191251,96.1758,1537.7,2003.2
4/4/2001,6.512874716,103.53,72.9,2057.944293,103.53,1449.1,2057.9
4/5/2001,6.116438864,111.384,71.66,2079.29508,111.384,1337.7,2079.3
4/6/2001,6.937627415,110.5272,74.15,2340.317699,110.5272,1570.1,2340.3
4/7/2001,7.4756475,106.9572,75.63,2440.357858,106.9572,1725.6,2440.4
4/8/2001,7.702182273,107.457,76.22,2526.057199,107.457,1791.8,2526.1
4/9/2001,7.164162188,105.315,74.79,2302.768701,105.315,1635.3,2302.8
4/10/2001,7.107528495,106.2432,74.63,2304.700145,106.2432,1619,2304.7
4/11/2001,9.96753,111.6696,81.32,3397.169283,111.6696,2474,3397.2
4/12/2001,10.16574793,110.0988,81.71,3415.990063,110.0988,2535.3,3416
4/13/2001,9.174658296,108.3852,79.68,3034.971087,108.3852,2231.3,3035
4/14/2001,8.013667586,104.1726,77.01,2547.883133,104.1726,1883.4,2547.9
4/15/2001,7.192479034,99.3888,74.87,2181.778854,99.3888,1643.5,2181.8
4/16/2001,6.48455787,97.104,72.82,1921.817603,97.104,1441.1,1921.8
4/17/2001,5.889904091,92.82,70.91,1668.570126,92.82,1274.8,1668.6
4/18/2001,5.266933466,87.8934,68.7,1412.891373,87.8934,1104.4,1412.9
4/19/2001,4.813863921,47.6952,66.92,700.7500868,47.6952,983.2,700.8
4/20/2001,4.530695455,59.7618,65.72,826.386506,59.7618,908.8,826.4
4/21/2001,4.134259602,69.4008,63.91,875.7031201,69.4008,806.4,875.7
4/22/2001,3.794457443,65.4024,62.21,757.4222319,65.4024,720.5,757.4
4/23/2001,3.596239517,65.9022,61.15,723.3411934,65.9022,671.2,723.3
4/24/2001,3.398021591,60.1902,60.03,624.2328177,60.1902,622.5,624.2
4/25/2001,3.171486818,60.4044,58.66,584.6906677,60.4044,567.8,584.7
4/26/2001,3.029902585,61.1184,57.76,565.1911056,61.1184,534.1,565.2
4/27/2001,2.916635199,63.9744,57,569.4859458,63.9744,507.4,569.5
4/28/2001,2.944952046,69.258,57.2,622.5050084,69.258,514.1,622.5
4/29/2001,2.860001506,73.0422,56.62,637.5801446,73.0422,494.2,637.6
4/30/2001,4.020992216,74.3274,63.36,912.1722378,74.3274,777.6,912.2
5/1/2001,5.295250313,76.8978,68.81,1242.782377,76.8978,1112,1242.8
5/2/2001,4.559012301,75.1842,65.84,1046.145337,75.1842,916.2,1046.1
5/3/2001,4.190893296,,64.18,,64.18,820.9,820.9
5/4/2001,3.82277429,,62.36,,62.36,727.6,727.6
5/5/2001,3.539605824,,60.83,,60.83,657.2,657.2
5/6/2001,3.228120511,,59.01,,59.01,581.4,581.4
5/7/2001,3.029902585,,57.76,,57.76,534.1,534.1
5/8/2001,2.831684659,,56.42,,56.42,487.6,487.6
5/9/2001,2.66178358,,55.19,,55.19,448.4,448.4
5/10/2001,2.463565654,,53.66,,53.66,403.5,403.5
5/11/2001,2.350298267,,52.73,,52.73,378.3,378.3
5/12/2001,2.237030881,,51.75,,51.75,353.4,353.4
5/13/2001,2.152080341,,50.99,,50.99,334.9,334.9
5/14/2001,2.66178358,,55.19,,55.19,448.4,448.4
5/15/2001,4.559012301,,65.84,,65.84,916.2,916.2
5/16/2001,4.757230227,,66.69,,66.69,968.2,968.2
5/17/2001,4.389111222,,65.09,,65.09,872,872
5/18/2001,3.879407983,,62.65,,62.65,741.8,741.8
5/19/2001,3.426338438,,60.19,,60.19,629.4,629.4
5/20/2001,3.114853125,,58.31,,58.31,554.3,554.3
5/21/2001,2.888318352,,56.81,,56.81,500.8,500.8
5/22/2001,2.633466733,,54.98,,54.98,441.9,441.9
5/23/2001,2.40693196,,53.2,,53.2,390.8,390.8
5/24/2001,2.237030881,,51.75,,51.75,353.4,353.4
5/25/2001,2.123763494,,50.73,,50.73,328.8,328.8
5/26/2001,2.010496108,,49.64,,49.64,304.6,304.6
5/27/2001,1.925545568,,48.79,,48.79,286.7,286.7
5/28/2001,1.925545568,,48.79,,48.79,286.7,286.7
5/29/2001,1.925545568,,48.79,,48.79,286.7,286.7
5/30/2001,1.699010796,,46.31,,46.31,240.1,240.1
5/31/2001,1.585743409,,44.94,,44.94,217.5,217.5
6/1/2001,1.500792869,,43.85,,43.85,200.9,200.9
6/2/2001,1.614060256,,45.29,,45.29,223.1,223.1
6/3/2001,1.925545568,,48.79,,48.79,286.7,286.7
6/4/2001,1.670693949,,45.98,,45.98,234.4,234.4
6/5/2001,1.585743409,,44.94,,44.94,217.5,217.5
6/6/2001,1.585743409,,44.94,,44.94,217.5,217.5
6/7/2001,1.387525483,,42.3,,42.3,179.1,179.1
6/8/2001,1.302574943,52.9074,41.05,210.3360995,52.9074,163.2,210.3
6/9/2001,1.302574943,47.838,41.05,190.1824381,47.838,163.2,190.2
6/10/2001,1.24594125,39.9126,40.17,151.7757057,39.9126,152.8,151.8
6/11/2001,1.387525483,39.5556,42.3,167.5111118,39.5556,179.1,167.5
6/12/2001,2.095446648,47.1954,50.46,301.8359435,47.1954,322.7,301.8
6/13/2001,1.500792869,47.0526,43.85,215.5256981,47.0526,200.9,215.5
6/14/2001,1.33089179,42.126,41.48,171.1148283,42.126,168.5,171.1
6/15/2001,1.24594125,42.7686,40.17,162.6362213,42.7686,152.8,162.6
6/16/2001,1.189307557,39.9126,39.25,144.8768099,39.9126,142.5,144.9
6/17/2001,1.132673864,41.9118,38.29,144.8891514,41.9118,132.4,144.9
6/18/2001,1.07604017,44.7678,37.27,147.0242301,44.7678,122.4,147
6/19/2001,1.047723324,41.9118,36.74,134.0224651,41.9118,117.5,134
6/20/2001,1.019406477,41.1978,36.2,128.1787672,41.1978,112.6,128.2
6/21/2001,0.962772784,41.1264,35.07,120.8479192,41.1264,103,120.8
6/22/2001,0.962772784,55.692,35.07,163.6482239,55.692,103,163.6
6/23/2001,0.962772784,53.3358,35.07,156.7246452,53.3358,103,156.7
6/24/2001,0.991089631,54.9066,35.64,166.0856691,54.9066,107.8,166.1
6/25/2001,1.07604017,51.1224,37.27,167.8936981,51.1224,122.4,167.9
6/26/2001,1.019406477,44.1966,36.2,137.5089374,44.1966,112.6,137.5
6/27/2001,1.472476023,37.485,43.48,168.4614069,37.485,195.4,168.5
6/28/2001,1.444159176,37.485,43.09,165.2217645,37.485,189.9,165.2
6/29/2001,1.104357017,36.8424,37.78,124.1801228,36.8424,127.4,124.2
6/30/2001,0.991089631,33.201,35.64,100.4289157,33.201,107.8,100.4
7/1/2001,0.934455938,31.5588,34.48,90.00652312,31.5588,98.3,90
7/2/2001,0.877822244,30.2022,33.24,80.91701205,30.2022,89.1,80.9
7/3/2001,0.849505398,26.8464,32.59,69.60603187,26.8464,84.5,69.6
7/4/2001,0.821188551,26.6322,31.92,66.74897577,26.6322,80,66.7
7/5/2001,0.792871705,34.986,31.23,84.66265578,34.986,75.6,84.7
7/6/2001,0.736238011,34.629,29.76,77.81312605,34.629,66.9,77.8
7/7/2001,0.707921165,26.9892,28.98,58.31356393,26.9892,62.6,58.3
7/8/2001,0.707921165,28.56,28.98,61.70747506,28.56,62.6,61.7
7/9/2001,0.651287472,31.416,27.33,62.44796476,31.416,54.3,62.4
7/10/2001,0.651287472,32.9868,27.33,65.570363,32.9868,54.3,65.6
7/11/2001,0.651287472,34.4862,27.33,68.55083404,34.4862,54.3,68.6
7/12/2001,0.622970625,29.988,26.45,57.01770696,29.988,50.3,57
7/13/2001,0.594653778,32.2014,25.53,58.44314963,32.2014,46.3,58.4
7/14/2001,0.538020085,30.2022,23.55,49.59429771,30.2022,38.7,49.6
7/15/2001,0.538020085,26.9892,23.55,44.31830859,26.9892,38.7,44.3
7/16/2001,0.538020085,28.7028,23.55,47.13216945,28.7028,38.7,47.1
7/17/2001,0.566336932,26.6322,24.57,46.0337764,26.6322,42.5,46
7/18/2001,0.538020085,23.562,23.55,38.69058686,23.562,38.7,38.7
7/19/2001,0.538020085,33.4866,23.55,54.98753103,33.4866,38.7,55
7/20/2001,0.509703239,32.0586,22.48,49.87198134,32.0586,35,49.9
7/21/2001,0.481386392,39.27,21.35,57.69648918,39.27,31.4,57.7
7/22/2001,0.453069545,40.9122,20.15,56.57341314,40.9122,27.9,56.6
7/23/2001,0.453069545,43.554,20.15,60.22649566,43.554,27.9,60.2
7/24/2001,0.424752699,36.771,18.87,47.66902448,36.771,24.5,47.7
7/25/2001,0.424752699,31.8444,18.87,41.28230082,31.8444,24.5,41.3
7/26/2001,0.424752699,25.704,18.87,33.32203653,25.704,24.5,33.3
7/27/2001,0.396435852,27.3462,17.51,33.08754813,27.3462,21.2,33.1
7/28/2001,0.396435852,18.2784,17.51,22.11595906,18.2784,21.2,22.1
7/29/2001,0.424752699,12.9948,18.87,16.84614069,12.9948,24.5,16.8
7/30/2001,0.509703239,13.4946,22.48,20.99288302,13.4946,35,21
7/31/2001,0.481386392,81.3246,21.35,119.484184,81.3246,31.4,119.5
8/1/2001,0.396435852,18.564,17.51,22.46152092,18.564,21.2,22.5
8/2/2001,0.396435852,11.7096,17.51,14.16803627,11.7096,21.2,14.2
8/3/2001,0.396435852,8.211,17.51,9.934903485,8.211,21.2,9.9
8/4/2001,0.396435852,13.4232,17.51,16.24140744,13.4232,21.2,16.2
8/5/2001,0.368119006,15.351,16.04,17.24723928,15.351,18,17.2
8/6/2001,0.368119006,14.28,16.04,16.04394352,14.28,18,16
8/7/2001,0.339802159,16.9218,14.46,17.54960591,16.9218,15,17.5
8/8/2001,0.339802159,19.4922,14.46,20.21536883,19.4922,15,20.2
8/9/2001,0.311485313,16.2792,12.74,15.47623475,16.2792,12.1,15.5
8/10/2001,0.311485313,9.4962,12.74,9.027803601,9.4962,12.1,9
8/11/2001,0.311485313,10.9242,12.74,10.38536805,10.9242,12.1,10.4
8/12/2001,0.311485313,14.28,12.74,13.57564451,14.28,12.1,13.6
8/13/2001,0.311485313,14.1372,12.74,13.43988807,14.1372,12.1,13.4
8/14/2001,0.283168466,12.5664,10.85,10.86051561,12.5664,9.4,10.9
8/15/2001,0.274673412,8.6394,10.25,7.242606348,8.6394,8.6,7.2
8/16/2001,0.277505097,9.8532,10.45,8.345318927,9.8532,8.9,8.3
8/17/2001,0.283168466,13.2804,10.85,11.47759036,13.2804,9.4,11.5
8/18/2001,0.283168466,14.5656,10.85,12.58832491,14.5656,9.4,12.6
8/19/2001,0.266178358,27.2748,9.63,22.15792014,27.2748,7.8,22.2
8/20/2001,0.266178358,50.694,9.63,41.18356886,50.694,7.8,41.2
8/21/2001,0.266178358,232.9782,9.63,189.2704017,232.9782,7.8,189.3
8/22/2001,0.424752699,38.7702,18.87,50.26073844,38.7702,24.5,50.3
8/23/2001,0.792871705,53.907,31.23,130.4496023,53.907,75.6,130.4
8/24/2001,0.594653778,31.416,25.53,57.01770696,31.416,46.3,57
8/25/2001,0.453069545,41.6262,20.15,57.56073274,41.6262,27.9,57.6
8/26/2001,0.396435852,35.7714,17.51,43.28162301,35.7714,21.2,43.3
8/27/2001,0.396435852,26.9178,17.51,32.56920534,26.9178,21.2,32.6
8/28/2001,0.368119006,27.7032,16.04,31.12525042,27.7032,18,31.1
8/29/2001,0.368119006,25.9896,16.04,29.1999772,25.9896,18,29.2
8/30/2001,0.368119006,23.6334,16.04,26.55272652,23.6334,18,26.6
8/31/2001,0.368119006,26.418,16.04,29.6812955,26.418,18,29.7
9/1/2001,0.368119006,30.6306,16.04,34.41425884,30.6306,18,34.4
9/2/2001,0.339802159,33.3438,14.46,34.58086902,33.3438,15,34.6
9/3/2001,0.339802159,35.2716,14.46,36.58019122,35.2716,15,36.6
9/4/2001,0.339802159,55.5492,14.46,57.61009872,55.5492,15,57.6
9/5/2001,0.311485313,42.1974,12.74,40.11602954,42.1974,12.1,40.1
9/6/2001,0.311485313,45.1962,12.74,42.96691488,45.1962,12.1,43
9/7/2001,0.283168466,30.6306,10.85,26.4725068,30.6306,9.4,26.5
9/8/2001,0.311485313,31.9158,12.74,30.34156549,31.9158,12.1,30.3
9/9/2001,0.283168466,34.3434,10.85,29.6812955,34.3434,9.4,29.7
9/10/2001,0.277505097,34.1292,10.45,28.90624962,34.1292,8.9,28.9
9/11/2001,0.283168466,34.8432,10.85,30.11324783,34.8432,9.4,30.1
9/12/2001,0.274673412,26.5608,10.25,22.2665253,26.5608,8.6,22.3
9/13/2001,0.260514989,30.2022,9.2,24.01408099,30.2022,7.3,24
9/14/2001,0.263346673,21.3486,9.41,17.15899759,21.3486,7.6,17.2
9/15/2001,0.283168466,27.5604,10.85,23.81908537,27.5604,9.4,23.8
9/16/2001,0.368119006,28.56,16.04,32.08788703,28.56,18,32.1
9/17/2001,0.368119006,46.1244,16.04,51.82193756,46.1244,18,51.8
9/18/2001,0.339802159,15.1368,14.46,15.69838166,15.1368,15,15.7
9/19/2001,0.311485313,11.5668,12.74,10.99627206,11.5668,12.1,11
9/20/2001,0.283168466,13.4232,10.85,11.60100531,13.4232,9.4,11.6
9/21/2001,0.283168466,26.061,10.85,22.5232284,26.061,9.4,22.5
9/22/2001,0.277505097,88.3932,10.45,74.86597704,88.3932,8.9,74.9
9/23/2001,0.280336781,40.5552,10.65,34.69934738,40.5552,9.1,34.7
9/24/2001,0.271841727,40.7694,10.04,33.82556953,40.7694,8.3,33.8
9/25/2001,0.311485313,29.9166,12.74,28.44097526,29.9166,12.1,28.4
9/26/2001,0.424752699,23.7048,18.87,30.73032258,23.7048,24.5,30.7
9/27/2001,0.509703239,18.7068,22.48,29.10124524,18.7068,35,29.1
9/28/2001,0.453069545,53.193,20.15,73.55531027,53.193,27.9,73.6
9/29/2001,0.368119006,35.7,16.04,40.10985879,35.7,18,40.1
9/30/2001,0.339802159,14.4228,14.46,14.95789195,14.4228,15,15
10/1/2001,0.311485313,15.708,12.74,14.93320896,15.708,12.1,14.9
10/2/2001,0.283168466,25.6326,10.85,22.15298355,25.6326,9.4,22.2
10/3/2001,0.283168466,39.9126,10.85,34.49447856,39.9126,9.4,34.5
10/4/2001,0.263346673,54.0498,9.41,43.44267952,54.0498,7.6,43.4
10/5/2001,0.243524881,36.8424,7.87,27.38330913,36.8424,5.8,27.4
10/6/2001,0.252019935,39.0558,8.54,30.04105008,39.0558,6.6,30
10/7/2001,0.263346673,29.9166,9.41,24.04555181,29.9166,7.6,24
10/8/2001,0.339802159,114.3114,14.46,118.5524011,114.3114,15,118.6
10/9/2001,0.368119006,126.9492,16.04,142.6306579,126.9492,18,142.6
10/10/2001,0.481386392,29.5596,21.35,43.42972095,29.5596,31.4,43.4
10/11/2001,0.934455938,19.3494,34.48,55.18499495,19.3494,98.3,55.2
10/12/2001,0.736238011,18.207,29.76,40.91205597,18.207,66.9,40.9
10/13/2001,0.538020085,15.7794,23.55,25.91096878,15.7794,38.7,25.9
10/14/2001,0.566336932,31.6302,24.57,54.6728229,31.6302,42.5,54.7
10/15/2001,0.566336932,37.6992,24.57,65.16309366,37.6992,42.5,65.2
10/16/2001,0.509703239,54.621,22.48,84.97119316,54.621,35,85
10/17/2001,0.424752699,45.1248,18.87,58.49868636,45.1248,24.5,58.5
10/18/2001,0.396435852,84.252,17.51,101.9407488,84.252,21.2,101.9
10/19/2001,0.339802159,47.838,14.46,49.61280995,47.838,15,49.6
10/20/2001,0.339802159,26.5608,14.46,27.54621687,26.5608,15,27.5
10/21/2001,0.339802159,31.3446,14.46,32.50749786,31.3446,15,32.5
10/22/2001,0.934455938,40.4838,34.48,115.4608566,40.4838,98.3,115.5
10/23/2001,2.463565654,32.7012,53.66,245.8796051,32.7012,403.5,245.9
10/24/2001,1.104357017,37.3422,37.78,125.8647369,37.3422,127.4,125.9
10/25/2001,0.764554858,37.6992,30.51,87.97017645,37.6992,71.2,88
10/26/2001,0.622970625,37.842,26.45,71.95091592,37.842,50.3,72
10/27/2001,0.594653778,39.1986,25.53,71.142548,39.1986,46.3,71.1
10/28/2001,0.622970625,45.4104,26.45,86.3410991,45.4104,50.3,86.3
10/29/2001,0.594653778,51.6222,25.53,93.69045938,51.6222,46.3,93.7
10/30/2001,1.104357017,68.1156,37.78,229.5888317,68.1156,127.4,229.6
10/31/2001,2.40693196,97.6752,53.2,717.53452,97.6752,390.8,717.5
11/1/2001,2.237030881,122.5224,51.75,836.5312149,122.5224,353.4,836.5
11/2/2001,2.265347727,135.3744,52,935.9789817,135.3744,359.5,936
11/3/2001,1.812278182,151.4394,47.59,837.6419495,151.4394,263.2,837.6
11/4/2001,1.387525483,141.2292,42.3,598.0811898,141.2292,179.1,598.1
11/5/2001,1.24594125,127.0206,40.17,483.0214318,127.0206,152.8,483
11/6/2001,1.104357017,100.8168,37.78,339.8107237,100.8168,127.4,339.8
11/7/2001,0.962772784,417.69,35.07,1227.361679,417.69,103,1227.4
11/8/2001,0.877822244,431.97,33.24,1157.323695,431.97,89.1,1157.3
11/9/2001,0.849505398,431.97,32.59,1119.990672,431.97,84.5,1120
11/10/2001,0.792871705,431.97,31.23,1045.324628,431.97,75.6,1045.3
11/11/2001,0.764554858,431.97,30.51,1007.991605,431.97,71.2,1008
11/12/2001,0.821188551,431.97,31.92,1082.65765,431.97,80,1082.7
11/13/2001,1.019406477,431.97,36.2,1343.988807,431.97,112.6,1344
11/14/2001,5.776636705,431.97,70.53,7615.936572,431.97,1243.5,7615.9
11/15/2001,4.559012301,431.97,65.84,6010.616608,431.97,916.2,6010.6
11/16/2001,3.992675369,320.7288,63.22,3908.378689,320.7288,770.4,3908.4
11/17/2001,3.114853125,100.7454,58.31,957.7617204,100.7454,554.3,957.8
11/18/2001,2.4918825,96.6756,53.89,735.2569068,96.6756,409.8,735.3
11/19/2001,2.350298267,94.4622,52.73,677.6036129,94.4622,378.3,677.6
11/20/2001,2.718417273,95.319,55.61,790.8430004,95.319,461.4,790.8
11/21/2001,3.256437358,96.4614,59.18,958.7181863,96.4614,588.2,958.7
11/22/2001,27.63724227,127.2348,101.51,10732.36153,127.2348,8562.1,10732.4
11/23/2001,35.96239517,170.646,106.72,18730.06991,170.646,11713.3,18730.1
11/24/2001,17.64139543,144.3708,92.62,7773.327658,144.3708,4987,7773.3
11/25/2001,13.76198744,126.5922,87.71,5317.19737,126.5922,3683.9,5317.2
11/26/2001,10.78871855,120.309,82.89,3961.527338,120.309,2729.4,3961.5
11/27/2001,8.495053978,114.597,78.16,2971.214924,114.597,2026.5,2971.2
11/28/2001,13.56376952,102.102,87.42,4226.776919,102.102,3619,4226.8
11/29/2001,30.01585739,118.3098,103.14,10838.42433,118.3098,9448.7,10838.4
11/30/2001,28.00536128,119.3808,101.77,10203.99744,119.3808,8698.6,10204
12/1/2001,47.57230227,102.8874,112.25,14938.63922,102.8874,16298.6,14938.6
12/2/2001,40.20992216,119.0952,108.93,14615.78571,119.0952,13367.8,14615.8
12/3/2001,27.72219281,110.67,101.57,9363.800803,110.67,8593.6,9363.8
12/4/2001,23.53129952,110.7414,98.32,7953.359216,110.7414,7061.5,7953.4
12/5/2001,37.09506904,103.887,107.33,11761.75328,103.887,12151.7,11761.8
12/6/2001,37.3782375,111.9552,107.48,12771.96636,111.9552,12261.6,12772
12/7/2001,36.24556364,114.954,106.87,12716.67646,114.954,11822.7,12716.7
12/8/2001,26.02318202,119.3094,100.32,9476.102237,119.3094,7967.5,9476.1
12/9/2001,19.87842631,125.307,94.98,7602.422635,125.307,5762.8,7602.4
12/10/2001,18.06614813,135.1602,93.09,7452.621568,135.1602,5133.1,7452.6
12/11/2001,18.54753452,143.2998,93.61,8111.97211,143.2998,5299.3,8112
12/12/2001,19.02892091,151.725,94.12,8811.827439,151.725,5466.3,8811.8
12/13/2001,26.05149886,162.2208,100.34,12898.34327,162.2208,7977.9,12898.3
12/14/2001,52.3861662,135.4458,114.16,21655.92984,135.4458,18252.9,21655.9
12/15/2001,39.92675369,119.0952,108.79,14512.85764,119.0952,13256.7,14512.9
12/16/2001,33.69704744,124.593,105.43,12813.86573,124.593,10843,12813.9
12/17/2001,39.36041676,109.956,108.5,13209.10211,109.956,13034.7,13209.1
12/18/2001,31.14853125,110.1702,103.87,10473.60974,110.1702,9875,10473.6
12/19/2001,23.30476475,110.9556,98.13,7892.028157,110.9556,6979.9,7892
12/20/2001,18.60416821,113.4546,93.67,6442.093786,113.4546,5318.9,6442.1
12/21/2001,14.97961185,109.242,89.39,4994.417909,109.242,4086.6,4994.4
12/22/2001,12.48772935,108.0996,85.78,4120.04767,108.0996,3269.6,4120
12/23/2001,10.42059955,106.1718,82.2,3376.731767,106.1718,2614.4,3376.7
12/24/2001,8.863172983,103.3158,79,2794.799424,103.3158,2137,2794.8
12/25/2001,7.73049912,107.9568,76.29,2547.136473,107.9568,1800.1,2547.1
12/26/2001,6.796043182,107.0286,73.74,2219.988123,107.0286,1529.6,2220
12/27/2001,6.201389404,103.0302,71.93,1950.061115,103.0302,1361.5,1950.1
12/28/2001,6.088122017,101.745,71.57,1890.562767,101.745,1329.8,1890.6
12/29/2001,5.465151392,103.6014,69.43,1728.074644,103.6014,1158.1,1728.1
12/30/2001,5.06871554,102.3876,67.94,1583.944494,102.3876,1051.1,1583.9
12/31/2001,5.748319858,105.8862,70.43,1857.697366,105.8862,1235.7,1857.7
1/1/2002,6.003171478,,71.29,,71.29,1306.2,1306.2
1/2/2002,6.39960733,,72.55,,72.55,1417.1,1417.1
1/3/2002,6.597825256,,73.16,,73.16,1473.2,1473.2
1/4/2002,6.569508409,,73.07,,73.07,1465.2,1465.2
1/5/2002,6.654458949,,73.33,,73.33,1489.3,1489.3
1/6/2002,13.39386844,,87.17,,87.17,3563.5,3563.5
1/7/2002,43.60794375,,110.53,,110.53,14711.2,14711.2
1/8/2002,52.95250313,,114.37,,114.37,18484.6,18484.6
1/9/2002,33.98021591,,105.6,,105.6,10951.3,10951.3
1/10/2002,23.19149736,,98.04,,98.04,6939.2,6939.2
1/11/2002,17.16000903,,92.07,,92.07,4822.3,4822.3
1/12/2002,14.78139392,,89.12,,89.12,4020.6,4020.6
1/13/2002,12.57267989,,85.92,,85.92,3296.9,3296.9
1/14/2002,11.29842179,,83.8,,83.8,2889.9,2889.9
1/15/2002,9.910896307,,81.21,,81.21,2456.5,2456.5
1/16/2002,8.778222444,,78.81,,78.81,2111.4,2111.4
1/17/2002,8.240202358,,77.56,,77.56,1950.5,1950.5
1/18/2002,7.64554858,,76.08,,76.08,1775.2,1775.2
1/19/2002,12.26119457,,85.42,,85.42,3196.7,3196.7
1/20/2002,34.82972131,,106.08,,106.08,11277,11277
1/21/2002,59.18220938,,116.58,,116.58,21056.8,21056.8
1/22/2002,45.02378608,,111.16,,111.16,15275.7,15275.7
1/23/2002,34.82972131,,106.08,,106.08,11277,11277
1/24/2002,27.12753904,,101.14,,101.14,8373.7,8373.7
1/25/2002,49.27131307,,112.95,,112.95,16985.1,16985.1
1/26/2002,58.04953551,,116.19,,116.19,20586.1,20586.1
1/27/2002,39.36041676,,108.5,,108.5,13034.7,13034.7
1/28/2002,28.31684659,,101.99,,101.99,8814.2,8814.2
1/29/2002,21.54912026,,96.58,,96.58,6352.1,6352.1
1/30/2002,17.0184248,,91.91,,91.91,4774,4774
1/31/2002,14.89466131,,89.27,,89.27,4058.3,4058.3
2/1/2002,17.47149435,,92.43,,92.43,4928.8,4928.8
2/2/2002,16.31050364,,91.07,,91.07,4533.5,4533.5
2/3/2002,14.69644338,,89.01,,89.01,3992.4,3992.4
2/4/2002,12.94079889,,86.49,,86.49,3416,3416
2/5/2002,12.09129349,,85.15,,85.15,3142.2,3142.2
2/6/2002,11.10020386,,83.45,,83.45,2827.3,2827.3
2/7/2002,13.59208636,,87.46,,87.46,3628.3,3628.3
2/8/2002,33.98021591,,105.6,,105.6,10951.3,10951.3
2/9/2002,28.23189605,,101.93,,101.93,8782.7,8782.7
2/10/2002,20.67129801,,95.76,,95.76,6041.5,6041.5
2/11/2002,15.77248355,,90.41,,90.41,4352,4352
2/12/2002,12.54436304,,85.87,,85.87,3287.8,3287.8
2/13/2002,10.44891639,,82.26,,82.26,2623.3,2623.3
2/14/2002,8.89148983,,79.06,,79.06,2145.6,2145.6
2/15/2002,7.73049912,,76.29,,76.29,1800.1,1800.1
2/16/2002,6.880993722,,73.99,,73.99,1553.9,1553.9
2/17/2002,6.173072557,,71.84,,71.84,1353.5,1353.5
2/18/2002,5.663369318,,70.14,,70.14,1212.3,1212.3
2/19/2002,5.521785085,,69.64,,69.64,1173.6,1173.6
2/20/2002,4.983765,,67.61,,67.61,1028.3,1028.3
2/21/2002,4.785547074,,66.8,,66.8,975.7,975.7
2/22/2002,4.502378608,,65.6,,65.6,901.4,901.4
2/23/2002,5.012081847,,67.72,,67.72,1035.9,1035.9
2/24/2002,4.870497614,,67.15,,67.15,998.2,998.2
2/25/2002,4.700596534,,66.45,,66.45,953.3,953.3
2/26/2002,4.530695455,,65.72,,65.72,908.8,908.8
2/27/2002,4.275843835,,64.57,,64.57,842.7,842.7
2/28/2002,4.049309063,,63.5,,63.5,784.7,784.7
3/1/2002,3.794457443,,62.21,,62.21,720.5,720.5
3/2/2002,3.567922671,,60.99,,60.99,664.2,664.2
3/3/2002,3.398021591,,60.03,,60.03,622.5,622.5
3/4/2002,3.228120511,,59.01,,59.01,581.4,581.4
3/5/2002,3.171486818,,58.66,,58.66,567.8,567.8
3/6/2002,5.833270398,,70.72,,70.72,1259.1,1259.1
3/7/2002,6.796043182,,73.74,,73.74,1529.6,1529.6
3/8/2002,6.597825256,,73.16,,73.16,1473.2,1473.2
3/9/2002,6.597825256,,73.16,,73.16,1473.2,1473.2
3/10/2002,7.957033892,,76.87,,76.87,1866.7,1866.7
3/11/2002,14.24337384,,88.39,,88.39,3842.4,3842.4
3/12/2002,8.778222444,,78.81,,78.81,2111.4,2111.4
3/13/2002,27.75050966,,101.59,,101.59,8604.1,8604.1
3/14/2002,25.42852824,,99.86,,99.86,7749.9,7749.9
3/15/2002,21.52080341,,96.56,,96.56,6342.1,6342.1
3/16/2002,18.32099975,,93.37,,93.37,5221,5221
3/17/2002,17.18832588,,92.11,,92.11,4831.9,4831.9
3/18/2002,15.85743409,,90.51,,90.51,4380.6,4380.6
3/19/2002,5.097032387,,68.05,,68.05,1058.6,1058.6
3/20/2002,2.548516193,,54.33,,54.33,422.6,422.6
3/21/2002,21.26595179,,96.32,,96.32,6251.7,6251.7
3/22/2002,15.82911724,,90.48,,90.48,4371.1,4371.1
3/23/2002,12.62931358,,86.01,,86.01,3315.2,3315.2
3/24/2002,10.64713432,,82.63,,82.63,2685.1,2685.1
3/25/2002,8.89148983,,79.06,,79.06,2145.6,2145.6
3/26/2002,7.673865426,,76.15,,76.15,1783.5,1783.5
3/27/2002,6.796043182,,73.74,,73.74,1529.6,1529.6
3/28/2002,6.116438864,,71.66,,71.66,1337.7,1337.7
3/29/2002,5.465151392,,69.43,,69.43,1158.1,1158.1
3/30/2002,4.983765,,67.61,,67.61,1028.3,1028.3
3/31/2002,4.587329148,,65.97,,65.97,923.6,923.6
4/1/2002,4.247526989,,64.44,,64.44,835.4,835.4
4/2/2002,3.964358523,,63.08,,63.08,763.2,763.2
4/3/2002,3.709506904,,61.76,,61.76,699.3,699.3
4/4/2002,3.482972131,,60.52,,60.52,643.3,643.3
4/5/2002,3.369704744,,59.86,,59.86,615.6,615.6
4/6/2002,3.313071051,,59.53,,59.53,601.9,601.9
4/7/2002,3.058219432,,57.94,,57.94,540.8,540.8
4/8/2002,2.916635199,,57,,57,507.4,507.4
4/9/2002,3.284754205,,59.36,,59.36,595.1,595.1
4/10/2002,3.90772483,,62.79,,62.79,748.9,748.9
4/11/2002,4.020992216,,63.36,,63.36,777.6,777.6
4/12/2002,4.304160682,,64.71,,64.71,850,850
4/13/2002,5.125349233,,68.16,,68.16,1066.2,1066.2
4/14/2002,19.42535676,,94.53,,94.53,5604.4,5604.4
4/15/2002,16.42377102,,91.21,,91.21,4571.9,4571.9
4/16/2002,13.81862114,,87.79,,87.79,3702.5,3702.5
4/17/2002,13.50713582,,87.34,,87.34,3600.5,3600.5
4/18/2002,12.79921466,,86.27,,86.27,3370.2,3370.2
4/19/2002,11.35505548,,83.9,,83.9,2907.8,2907.8
4/20/2002,9.740995228,,80.87,,80.87,2404.2,2404.2
4/21/2002,8.296836051,,77.69,,77.69,1967.4,1967.4
4/22/2002,7.135845341,,74.71,,74.71,1627.1,1627.1
4/23/2002,6.22970625,,72.02,,72.02,1369.4,1369.4
4/24/2002,5.465151392,,69.43,,69.43,1158.1,1158.1
4/25/2002,4.89881446,,67.27,,67.27,1005.7,1005.7
4/26/2002,4.559012301,,65.84,,65.84,916.2,916.2
4/27/2002,4.474061762,,65.47,,65.47,894,894
4/28/2002,3.992675369,,63.22,,63.22,770.4,770.4
4/29/2002,3.681190057,,61.61,,61.61,692.2,692.2
4/30/2002,3.482972131,,60.52,,60.52,643.3,643.3
5/1/2002,3.284754205,,59.36,,59.36,595.1,595.1
5/2/2002,3.086536279,,58.12,,58.12,547.5,547.5
5/3/2002,2.973268892,,57.38,,57.38,520.7,520.7
5/4/2002,2.803367813,,56.22,,56.22,481,481
5/5/2002,2.775050966,,56.02,,56.02,474.5,474.5
5/6/2002,3.029902585,,57.76,,57.76,534.1,534.1
5/7/2002,2.746734119,,55.82,,55.82,467.9,467.9
5/8/2002,2.520199347,,54.11,,54.11,416.2,416.2
5/9/2002,2.378615114,,52.97,,52.97,384.5,384.5
5/10/2002,2.293664574,,52.25,,52.25,365.8,365.8
5/11/2002,2.180397188,,51.25,,51.25,341,341
5/12/2002,2.123763494,,50.73,,50.73,328.8,328.8
5/13/2002,2.067129801,,50.19,,50.19,316.7,316.7
5/14/2002,2.038812955,,49.92,,49.92,310.6,310.6
5/15/2002,1.953862415,,49.08,,49.08,292.7,292.7
5/16/2002,1.897228722,,48.49,,48.49,280.8,280.8
5/17/2002,1.897228722,,48.49,,48.49,280.8,280.8
5/18/2002,1.812278182,,47.59,,47.59,263.2,263.2
5/19/2002,1.783961335,,47.28,,47.28,257.4,257.4
5/20/2002,1.953862415,,49.08,,49.08,292.7,292.7
5/21/2002,1.840595028,,47.89,,47.89,269,269
5/22/2002,1.783961335,,47.28,,47.28,257.4,257.4
5/23/2002,1.699010796,,46.31,,46.31,240.1,240.1
5/24/2002,1.614060256,,45.29,,45.29,223.1,223.1
5/25/2002,1.585743409,,44.94,,44.94,217.5,217.5
5/26/2002,1.529109716,,44.22,,44.22,206.4,206.4
5/27/2002,1.557426563,,44.59,,44.59,211.9,211.9
5/28/2002,1.727327642,,46.64,,46.64,245.9,245.9
5/29/2002,2.010496108,,49.64,,49.64,304.6,304.6
5/30/2002,1.727327642,,46.64,,46.64,245.9,245.9
5/31/2002,1.557426563,,44.59,,44.59,211.9,211.9
6/1/2002,1.500792869,,43.85,,43.85,200.9,200.9
6/2/2002,1.444159176,,43.09,,43.09,189.9,189.9
6/3/2002,1.387525483,,42.3,,42.3,179.1,179.1
6/4/2002,1.359208636,,41.89,,41.89,173.8,173.8
6/5/2002,1.359208636,,41.89,,41.89,173.8,173.8
6/6/2002,1.33089179,,41.48,,41.48,168.5,168.5
6/7/2002,1.24594125,,40.17,,40.17,152.8,152.8
6/8/2002,1.189307557,,39.25,,39.25,142.5,142.5
6/9/2002,1.217624403,,39.72,,39.72,147.6,147.6
6/10/2002,1.16099071,,38.77,,38.77,137.4,137.4
6/11/2002,1.132673864,,38.29,,38.29,132.4,132.4
6/12/2002,1.07604017,,37.27,,37.27,122.4,122.4
6/13/2002,0.991089631,,35.64,,35.64,107.8,107.8
6/14/2002,0.962772784,,35.07,,35.07,103,103
6/15/2002,0.962772784,,35.07,,35.07,103,103
6/16/2002,0.962772784,,35.07,,35.07,103,103
6/17/2002,1.104357017,,37.78,,37.78,127.4,127.4
6/18/2002,1.614060256,,45.29,,45.29,223.1,223.1
6/19/2002,1.302574943,,41.05,,41.05,163.2,163.2
6/20/2002,1.07604017,,37.27,,37.27,122.4,122.4
6/21/2002,0.962772784,,35.07,,35.07,103,103
6/22/2002,0.962772784,,35.07,,35.07,103,103
6/23/2002,0.934455938,,34.48,,34.48,98.3,98.3
6/24/2002,0.906139091,,33.87,,33.87,93.7,93.7
6/25/2002,0.877822244,,33.24,,33.24,89.1,89.1
6/26/2002,0.821188551,,31.92,,31.92,80,80
6/27/2002,0.821188551,,31.92,,31.92,80,80
6/28/2002,0.934455938,,34.48,,34.48,98.3,98.3
6/29/2002,2.350298267,,52.73,,52.73,378.3,378.3
6/30/2002,1.557426563,,44.59,,44.59,211.9,211.9
7/1/2002,1.24594125,,40.17,,40.17,152.8,152.8
7/2/2002,1.104357017,,37.78,,37.78,127.4,127.4
7/3/2002,0.991089631,,35.64,,35.64,107.8,107.8
7/4/2002,0.906139091,,33.87,,33.87,93.7,93.7
7/5/2002,0.877822244,,33.24,,33.24,89.1,89.1
7/6/2002,0.849505398,,32.59,,32.59,84.5,84.5
7/7/2002,0.821188551,,31.92,,31.92,80,80
7/8/2002,0.821188551,,31.92,,31.92,80,80
7/9/2002,0.764554858,,30.51,,30.51,71.2,71.2
7/10/2002,0.736238011,,29.76,,29.76,66.9,66.9
7/11/2002,0.736238011,,29.76,,29.76,66.9,66.9
7/12/2002,0.707921165,,28.98,,28.98,62.6,62.6
7/13/2002,0.651287472,,27.33,,27.33,54.3,54.3
7/14/2002,0.651287472,,27.33,,27.33,54.3,54.3
7/15/2002,0.594653778,,25.53,,25.53,46.3,46.3
7/16/2002,0.594653778,,25.53,,25.53,46.3,46.3
7/17/2002,0.594653778,,25.53,,25.53,46.3,46.3
7/18/2002,0.594653778,,25.53,,25.53,46.3,46.3
7/19/2002,0.594653778,,25.53,,25.53,46.3,46.3
7/20/2002,0.622970625,,26.45,,26.45,50.3,50.3
7/21/2002,0.594653778,,25.53,,25.53,46.3,46.3
7/22/2002,0.538020085,,23.55,,23.55,38.7,38.7
7/23/2002,0.538020085,,23.55,,23.55,38.7,38.7
7/24/2002,0.538020085,,23.55,,23.55,38.7,38.7
7/25/2002,0.566336932,,24.57,,24.57,42.5,42.5
7/26/2002,0.566336932,,24.57,,24.57,42.5,42.5
7/27/2002,0.538020085,,23.55,,23.55,38.7,38.7
7/28/2002,0.509703239,,22.48,,22.48,35,35
7/29/2002,0.481386392,,21.35,,21.35,31.4,31.4
7/30/2002,0.453069545,,20.15,,20.15,27.9,27.9
7/31/2002,0.453069545,,20.15,,20.15,27.9,27.9
8/1/2002,0.453069545,,20.15,,20.15,27.9,27.9
8/2/2002,0.424752699,,18.87,,18.87,24.5,24.5
8/3/2002,0.396435852,,17.51,,17.51,21.2,21.2
8/4/2002,0.424752699,,18.87,,18.87,24.5,24.5
8/5/2002,0.453069545,,20.15,,20.15,27.9,27.9
8/6/2002,0.424752699,,18.87,,18.87,24.5,24.5
8/7/2002,0.396435852,,17.51,,17.51,21.2,21.2
8/8/2002,0.396435852,,17.51,,17.51,21.2,21.2
8/9/2002,0.396435852,,17.51,,17.51,21.2,21.2
8/10/2002,0.368119006,,16.04,,16.04,18,18
8/11/2002,0.339802159,,14.46,,14.46,15,15
8/12/2002,0.311485313,,12.74,,12.74,12.1,12.1
8/13/2002,0.311485313,,12.74,,12.74,12.1,12.1
8/14/2002,0.311485313,,12.74,,12.74,12.1,12.1
8/15/2002,0.266178358,,9.63,,9.63,7.8,7.8
8/16/2002,0.266178358,,9.63,,9.63,7.8,7.8
8/17/2002,0.266178358,,9.63,,9.63,7.8,7.8
8/18/2002,0.266178358,,9.63,,9.63,7.8,7.8
8/19/2002,0.266178358,,9.63,,9.63,7.8,7.8
8/20/2002,0.266178358,,9.63,,9.63,7.8,7.8
8/21/2002,0.271841727,,10.04,,10.04,8.3,8.3
8/22/2002,0.271841727,,10.04,,10.04,8.3,8.3
8/23/2002,0.266178358,,9.63,,9.63,7.8,7.8
8/24/2002,0.269010043,,9.84,,9.84,8.1,8.1
8/25/2002,0.266178358,,9.63,,9.63,7.8,7.8
8/26/2002,0.266178358,,9.63,,9.63,7.8,7.8
8/27/2002,0.266178358,,9.63,,9.63,7.8,7.8
8/28/2002,0.257683304,,8.98,,8.98,7.1,7.1
8/29/2002,0.226534773,,6.43,,6.43,4.4,4.4
8/30/2002,0.203881295,,4.35,,4.35,2.7,2.7
8/31/2002,0.215208034,,5.42,,5.42,3.6,3.6
9/1/2002,0.223703088,,6.19,,6.19,4.2,4.2
9/2/2002,0.218039719,,5.68,,5.68,3.8,3.8
9/3/2002,0.198217926,,3.79,,3.79,2.3,2.3
9/4/2002,0.184059503,,2.33,,2.33,1.3,1.3
9/5/2002,0.172732764,,1.07,,1.07,0.6,0.6
9/6/2002,0.181227818,,2.02,,2.02,1.1,1.1
9/7/2002,0.195386241,,3.51,,3.51,2.1,2.1
9/8/2002,0.212376349,,5.16,,5.16,3.3,3.3
9/9/2002,0.201049611,,4.07,,4.07,2.5,2.5
9/10/2002,0.186891188,,2.63,,2.63,1.5,1.5
9/11/2002,0.184059503,,2.33,,2.33,1.3,1.3
9/12/2002,0.178396134,,1.71,,1.71,0.9,0.9
9/13/2002,0.16990108,,0.74,,0.74,0.4,0.4
9/14/2002,0.158574341,,-0.62,,0.1,-0.3,0
9/15/2002,0.172732764,,1.07,,1.07,0.6,0.6
9/16/2002,0.209544665,,4.89,,4.89,3.1,3.1
9/17/2002,0.113267386,,-7.28,,0.1,-2.5,0
9/18/2002,0.141584233,,-2.87,,0.1,-1.2,0
9/19/2002,0.141584233,,-2.87,,0.1,-1.2,0
9/20/2002,0.141584233,,-2.87,,0.1,-1.2,0
9/21/2002,0.237861511,,7.4,,7.4,5.4,5.4
9/22/2002,0.220871403,,5.93,,5.93,4,4
9/23/2002,0.189722872,,2.93,,2.93,1.7,1.7
9/24/2002,0.16990108,,0.74,,0.74,0.4,0.4
9/25/2002,0.16990108,,0.74,,0.74,0.4,0.4
9/26/2002,0.181227818,,2.02,,2.02,1.1,1.1
9/27/2002,0.16990108,,0.74,,0.74,0.4,0.4
9/28/2002,0.167069395,,0.41,,0.41,0.2,0.2
9/29/2002,0.175564449,,1.39,,1.39,0.7,0.7
9/30/2002,0.269010043,,9.84,,9.84,8.1,8.1
